sclk_s,lmst,pressure_pa,ats_local_temp1_k,wind_mps,wind_valid
672089204.0,00058M12:28:00.962,748.13,235.81,7.46,1
672089205.0,00058M12:28:01.935,748.15,237.21,6.83,1
672089206.0,00058M12:28:02.908,748.17,239.1,7.82,1
672089207.0,00058M12:28:03.882,748.21,233.87,7.13,1
672089208.0,00058M12:28:04.855,748.19,233.23,8.41,1
672089209.0,00058M12:28:05.828,748.15,232.68,8.23,1
672089210.0,00058M12:28:06.801,748.15,232.7,8.3,1
672089211.0,00058M12:28:07.775,748.1,232.94,7.21,1
672089212.0,00058M12:28:08.748,748.12,234.4,6.25,1
672089213.0,00058M12:28:09.721,748.13,237.67,6.14,1
672089214.0,00058M12:28:10.694,748.15,236.54,8.58,1
672089215.0,00058M12:28:11.668,748.08,234.64,6.76,1
672089216.0,00058M12:28:12.641,748.17,235.73,6.11,1
672089217.0,00058M12:28:13.614,748.21,240.21,6.34,1
672089218.0,00058M12:28:14.587,748.17,240.91,5.56,1
672089219.0,00058M12:28:15.561,748.19,240.52,6.28,1
672089220.0,00058M12:28:16.534,748.19,240.43,5.69,1
672089221.0,00058M12:28:17.507,748.17,236.88,7.96,1
672089222.0,00058M12:28:18.480,748.12,233.91,8.11,1
672089223.0,00058M12:28:19.454,748.16,233.94,7.48,1
672089224.0,00058M12:28:20.427,748.14,235.6,9.72,1
672089225.0,00058M12:28:21.400,748.21,236.83,8.38,1
672089226.0,00058M12:28:22.373,748.21,236.76,7.66,1
672089227.0,00058M12:28:23.347,748.14,234.11,7.78,1
672089228.0,00058M12:28:24.320,748.21,237.61,6.49,1
672089229.0,00058M12:28:25.293,748.21,235.92,6.97,1
672089230.0,00058M12:28:26.266,748.16,236.51,7.72,1
672089231.0,00058M12:28:27.240,748.25,236.92,7.82,1
672089232.0,00058M12:28:28.213,748.18,236.59,7.94,1
672089233.0,00058M12:28:29.186,748.29,238.08,7.6,1
672089234.0,00058M12:28:30.159,748.2,238.42,7.41,1
672089235.0,00058M12:28:31.133,748.25,235.54,8.72,1
672089236.0,00058M12:28:32.106,748.25,235.45,9.28,1
672089237.0,00058M12:28:33.079,748.22,234.07,8.75,1
672089238.0,00058M12:28:34.052,748.18,235.74,8.17,1
672089239.0,00058M12:28:35.026,748.22,238.23,8.41,1
672089240.0,00058M12:28:35.999,748.24,235.17,10.73,1
672089241.0,00058M12:28:36.972,748.13,233.4,10.1,1
672089242.0,00058M12:28:37.945,748.29,233.71,8.58,1
672089243.0,00058M12:28:38.919,748.22,235.9,8.96,1
672089244.0,00058M12:28:39.892,748.22,236.35,7.57,1
672089245.0,00058M12:28:40.865,748.24,238.31,7.47,1
672089246.0,00058M12:28:41.838,748.31,237.78,8.38,1
672089247.0,00058M12:28:42.812,748.35,235.18,7.91,1
672089248.0,00058M12:28:43.785,748.28,234.57,9.0,1
672089249.0,00058M12:28:44.758,748.31,233.35,7.79,1
672089250.0,00058M12:28:45.731,748.29,233.9,6.78,1
672089251.0,00058M12:28:46.705,748.29,236.0,7.0,1
672089252.0,00058M12:28:47.678,748.28,233.19,6.81,1
672089253.0,00058M12:28:48.651,748.28,234.75,7.39,1
672089254.0,00058M12:28:49.624,748.33,232.52,7.25,1
672089255.0,00058M12:28:50.598,748.37,233.54,6.97,1
672089256.0,00058M12:28:51.571,748.34,233.76,6.77,1
672089257.0,00058M12:28:52.544,748.33,234.87,7.05,1
672089258.0,00058M12:28:53.517,748.33,234.09,6.65,1
672089259.0,00058M12:28:54.491,748.37,233.03,7.56,1
672089260.0,00058M12:28:55.464,748.33,232.02,8.12,1
672089261.0,00058M12:28:56.437,748.28,234.74,7.11,1
672089262.0,00058M12:28:57.410,748.32,234.48,7.52,1
672089263.0,00058M12:28:58.384,748.32,236.3,6.21,1
672089264.0,00058M12:28:59.357,748.28,236.45,6.21,1
672089265.0,00058M12:29:00.330,748.3,234.68,5.98,1
672089266.0,00058M12:29:01.303,748.32,235.0,4.87,1
672089267.0,00058M12:29:02.277,748.34,235.91,6.19,1
672089268.0,00058M12:29:03.250,748.34,235.95,6.4,1
672089269.0,00058M12:29:04.223,748.32,236.59,7.08,1
672089270.0,00058M12:29:05.196,748.34,234.04,7.76,1
672089271.0,00058M12:29:06.170,748.25,233.01,7.9,1
672089272.0,00058M12:29:07.143,748.31,231.03,8.32,1
672089273.0,00058M12:29:08.116,748.34,230.58,7.81,1
672089274.0,00058M12:29:09.089,748.29,231.1,6.96,1
672089275.0,00058M12:29:10.063,748.31,231.6,6.17,1
672089276.0,00058M12:29:11.036,748.29,232.54,6.36,1
672089277.0,00058M12:29:12.009,748.27,233.21,6.74,1
672089278.0,00058M12:29:12.982,748.36,235.05,6.92,1
672089279.0,00058M12:29:13.956,748.31,235.12,6.57,1
672089280.0,00058M12:29:14.929,748.33,235.79,6.32,1
672089281.0,00058M12:29:15.902,748.36,233.78,6.84,1
672089282.0,00058M12:29:16.875,748.33,232.99,6.17,1
672089283.0,00058M12:29:17.849,748.31,234.63,5.13,1
672089284.0,00058M12:29:18.822,748.29,235.27,6.58,1
672089285.0,00058M12:29:19.795,748.33,232.54,6.28,1
672089286.0,00058M12:29:20.768,748.33,231.25,5.67,1
672089287.0,00058M12:29:21.742,748.38,233.87,6.64,1
672089288.0,00058M12:29:22.715,748.35,231.96,5.78,1
672089289.0,00058M12:29:23.688,748.39,232.94,6.72,1
672089290.0,00058M12:29:24.661,748.39,232.55,6.22,1
672089291.0,00058M12:29:25.635,748.37,234.19,5.26,1
672089292.0,00058M12:29:26.608,748.39,233.81,5.52,1
672089293.0,00058M12:29:27.581,748.39,231.51,5.55,1
672089294.0,00058M12:29:28.554,748.37,231.29,5.54,1
672089295.0,00058M12:29:29.528,748.32,231.82,5.29,1
672089296.0,00058M12:29:30.501,748.33,232.14,5.51,1
672089297.0,00058M12:29:31.474,748.41,232.4,6.19,1
672089298.0,00058M12:29:32.447,748.3,232.05,6.88,1
672089299.0,00058M12:29:33.421,748.3,232.51,6.84,1
672089300.0,00058M12:29:34.394,748.32,233.75,7.05,1
672089301.0,00058M12:29:35.367,748.34,234.08,6.09,1
672089302.0,00058M12:29:36.340,748.36,234.86,6.55,1
672089303.0,00058M12:29:37.314,748.32,235.15,7.06,1
672089304.0,00058M12:29:38.287,748.37,236.5,7.43,1
672089305.0,00058M12:29:39.260,748.34,235.84,8.46,1
672089306.0,00058M12:29:40.234,748.34,233.97,8.95,1
672089307.0,00058M12:29:41.207,748.32,233.06,8.95,1
672089308.0,00058M12:29:42.180,748.29,234.19,8.9,1
672089309.0,00058M12:29:43.153,748.27,234.65,9.43,1
672089310.0,00058M12:29:44.127,748.29,233.73,11.17,1
672089311.0,00058M12:29:45.100,748.29,234.35,9.61,1
672089312.0,00058M12:29:46.073,748.22,237.49,8.29,1
672089313.0,00058M12:29:47.046,748.33,238.14,8.33,1
672089314.0,00058M12:29:48.020,748.32,234.59,10.46,1
672089315.0,00058M12:29:48.993,748.33,232.33,9.73,1
672089316.0,00058M12:29:49.966,748.34,231.96,8.87,1
672089317.0,00058M12:29:50.939,748.33,235.15,9.11,1
672089318.0,00058M12:29:51.913,748.36,232.93,9.01,1
672089319.0,00058M12:29:52.886,748.29,232.38,7.73,1
672089320.0,00058M12:29:53.859,748.36,232.69,9.27,1
672089321.0,00058M12:29:54.832,748.35,233.84,8.87,1
672089322.0,00058M12:29:55.806,748.42,233.04,9.64,1
672089323.0,00058M12:29:56.779,748.4,233.99,9.23,1
672089324.0,00058M12:29:57.752,748.42,230.42,9.09,1
672089325.0,00058M12:29:58.725,748.4,230.05,8.25,1
672089326.0,00058M12:29:59.699,748.44,231.03,7.36,1
672089327.0,00058M12:30:00.672,748.42,233.66,6.84,1
672089328.0,00058M12:30:01.645,748.44,233.1,7.36,1
672089329.0,00058M12:30:02.618,748.42,231.95,7.84,1
672089330.0,00058M12:30:03.592,748.42,229.71,7.35,1
672089331.0,00058M12:30:04.565,748.41,230.64,6.19,1
672089332.0,00058M12:30:05.538,748.46,231.53,6.92,1
672089333.0,00058M12:30:06.511,748.41,232.32,6.62,1
672089334.0,00058M12:30:07.485,748.46,234.46,5.76,1
672089335.0,00058M12:30:08.458,748.48,235.75,6.39,1
672089336.0,00058M12:30:09.431,748.48,235.99,6.4,1
672089337.0,00058M12:30:10.404,748.52,235.29,6.36,1
672089338.0,00058M12:30:11.378,748.5,234.43,5.9,1
672089339.0,00058M12:30:12.351,748.46,233.81,6.77,1
672089340.0,00058M12:30:13.324,748.48,231.82,7.69,1
672089341.0,00058M12:30:14.297,748.5,230.5,7.06,1
672089342.0,00058M12:30:15.271,748.44,230.02,5.0,1
672089343.0,00058M12:30:16.244,748.45,230.03,5.41,1
672089344.0,00058M12:30:17.217,748.46,231.17,5.12,1
672089345.0,00058M12:30:18.190,748.45,231.65,5.07,1
672089346.0,00058M12:30:19.164,748.41,232.63,4.49,1
672089347.0,00058M12:30:20.137,748.43,233.19,5.7,1
672089348.0,00058M12:30:21.110,748.45,233.39,5.71,1
672089349.0,00058M12:30:22.083,748.41,234.09,5.25,1
672089350.0,00058M12:30:23.057,748.45,233.89,5.52,1
672089351.0,00058M12:30:24.030,748.45,235.59,5.17,1
672089352.0,00058M12:30:25.003,748.47,235.15,4.31,1
672089353.0,00058M12:30:25.976,748.45,235.61,5.11,1
672089354.0,00058M12:30:26.950,748.45,235.09,4.31,1
672089355.0,00058M12:30:27.923,748.47,237.19,4.81,1
672089356.0,00058M12:30:28.896,748.52,237.26,5.01,1
672089357.0,00058M12:30:29.869,748.45,238.51,4.29,1
672089358.0,00058M12:30:30.843,748.52,238.6,5.23,1
672089359.0,00058M12:30:31.816,748.51,236.04,4.41,1
672089360.0,00058M12:30:32.789,748.45,236.56,4.72,1
672089361.0,00058M12:30:33.762,748.51,235.96,4.2,1
672089362.0,00058M12:30:34.736,748.54,238.57,3.56,1
672089363.0,00058M12:30:35.709,748.49,239.35,3.22,1
672089364.0,00058M12:30:36.682,748.55,241.23,5.12,1
672089365.0,00058M12:30:37.655,748.51,240.74,5.92,1
672089366.0,00058M12:30:38.629,748.53,238.46,5.66,1
672089367.0,00058M12:30:39.602,748.47,237.85,6.43,1
672089368.0,00058M12:30:40.575,748.49,239.08,7.37,1
672089369.0,00058M12:30:41.548,748.53,240.41,4.28,1
672089370.0,00058M12:30:42.522,748.53,239.56,4.98,1
672089371.0,00058M12:30:43.495,748.53,237.8,5.56,1
672089372.0,00058M12:30:44.468,748.51,239.2,6.36,1
672089373.0,00058M12:30:45.441,748.46,234.99,6.28,1
672089374.0,00058M12:30:46.415,748.53,236.45,5.71,1
672089375.0,00058M12:30:47.388,748.57,235.68,7.09,1
672089376.0,00058M12:30:48.361,748.55,235.47,5.31,1
672089377.0,00058M12:30:49.334,748.5,237.43,6.48,1
672089378.0,00058M12:30:50.308,748.48,235.92,5.26,1
672089379.0,00058M12:30:51.281,748.55,238.61,5.59,1
672089380.0,00058M12:30:52.254,748.5,237.23,5.82,1
672089381.0,00058M12:30:53.227,748.46,237.05,5.6,1
672089382.0,00058M12:30:54.201,748.5,237.85,4.19,1
672089383.0,00058M12:30:55.174,748.48,239.05,5.76,1
672089384.0,00058M12:30:56.147,748.48,239.15,7.22,1
672089385.0,00058M12:30:57.120,748.52,234.36,9.4,1
672089386.0,00058M12:30:58.094,748.5,232.85,8.59,1
672089387.0,00058M12:30:59.067,748.52,232.57,7.05,1
672089388.0,00058M12:31:00.040,748.52,233.39,8.0,1
672089389.0,00058M12:31:01.013,748.5,234.28,6.38,1
672089390.0,00058M12:31:01.987,748.59,236.6,5.71,1
672089391.0,00058M12:31:02.960,748.57,236.75,4.37,1
672089392.0,00058M12:31:03.933,748.54,237.55,4.32,1
672089393.0,00058M12:31:04.906,748.58,236.61,4.43,1
672089394.0,00058M12:31:05.880,748.59,237.41,3.89,1
672089395.0,00058M12:31:06.853,748.61,237.63,6.13,1
672089396.0,00058M12:31:07.826,748.56,235.65,5.67,1
672089397.0,00058M12:31:08.799,748.56,236.96,5.02,1
672089398.0,00058M12:31:09.773,748.56,237.71,4.26,1
672089399.0,00058M12:31:10.746,748.56,236.2,5.06,1
672089400.0,00058M12:31:11.719,748.58,235.03,5.71,1
672089401.0,00058M12:31:12.692,748.63,233.59,6.69,1
672089402.0,00058M12:31:13.666,748.58,232.74,6.09,1
672089403.0,00058M12:31:14.639,748.65,234.07,4.76,1
672089404.0,00058M12:31:15.612,748.54,234.08,4.97,1
672089405.0,00058M12:31:16.585,748.58,235.42,4.39,1
672089406.0,00058M12:31:17.559,748.58,234.43,5.19,1
672089407.0,00058M12:31:18.532,748.64,234.34,5.47,1
672089408.0,00058M12:31:19.505,748.58,234.86,4.51,1
672089409.0,00058M12:31:20.478,748.58,236.45,3.21,1
672089410.0,00058M12:31:21.452,748.63,237.64,4.33,1
672089411.0,00058M12:31:22.425,748.65,238.5,5.16,1
672089412.0,00058M12:31:23.398,748.65,235.25,6.5,1
672089413.0,00058M12:31:24.371,748.64,235.1,,0
672089414.0,00058M12:31:25.345,748.64,233.67,,0
672089415.0,00058M12:31:26.318,748.6,232.5,,0
672089416.0,00058M12:31:27.291,748.66,231.67,,0
672089417.0,00058M12:31:28.264,748.64,232.21,,0
672089418.0,00058M12:31:29.238,748.62,232.6,,0
672089419.0,00058M12:31:30.211,748.55,233.67,,0
672089420.0,00058M12:31:31.184,748.55,234.29,4.18,1
672089421.0,00058M12:31:32.157,748.59,234.13,4.41,1
672089422.0,00058M12:31:33.131,748.62,234.34,4.49,1
672089423.0,00058M12:31:34.104,748.64,235.0,3.88,1
672089424.0,00058M12:31:35.077,748.61,235.24,3.96,1
672089425.0,00058M12:31:36.050,748.61,233.27,2.85,1
672089426.0,00058M12:31:37.024,748.59,231.8,2.33,1
672089427.0,00058M12:31:37.997,748.57,232.13,2.34,1
672089428.0,00058M12:31:38.970,748.61,231.72,2.61,1
672089429.0,00058M12:31:39.943,748.59,231.45,3.76,1
672089430.0,00058M12:31:40.917,748.59,231.26,3.89,1
672089431.0,00058M12:31:41.890,748.61,231.56,3.84,1
672089432.0,00058M12:31:42.863,748.59,231.91,3.71,1
672089433.0,00058M12:31:43.837,748.61,232.3,3.52,1
672089434.0,00058M12:31:44.810,748.65,233.43,3.62,1
672089435.0,00058M12:31:45.783,748.63,233.31,4.17,1
672089436.0,00058M12:31:46.756,748.63,233.61,3.35,1
672089437.0,00058M12:31:47.730,748.6,234.41,3.58,1
672089438.0,00058M12:31:48.703,748.58,235.49,3.54,1
672089439.0,00058M12:31:49.676,748.58,234.85,3.8,1
672089440.0,00058M12:31:50.649,748.6,234.45,3.23,1
672089441.0,00058M12:31:51.623,748.58,233.82,2.86,1
672089442.0,00058M12:31:52.596,748.58,234.38,2.46,1
672089443.0,00058M12:31:53.569,748.54,234.83,3.52,1
672089444.0,00058M12:31:54.542,748.61,233.92,3.49,1
672089445.0,00058M12:31:55.516,748.6,233.78,3.0,1
672089446.0,00058M12:31:56.489,748.64,235.23,3.11,1
672089447.0,00058M12:31:57.462,748.6,235.62,3.33,1
672089448.0,00058M12:31:58.435,748.6,235.78,2.7,1
672089449.0,00058M12:31:59.409,748.6,237.08,3.01,1
672089450.0,00058M12:32:00.382,748.62,238.25,3.33,1
672089451.0,00058M12:32:01.355,748.6,237.57,2.88,1
672089452.0,00058M12:32:02.328,748.6,238.73,3.23,1
672089453.0,00058M12:32:03.302,748.58,238.67,4.0,1
672089454.0,00058M12:32:04.275,748.55,235.79,3.69,1
672089455.0,00058M12:32:05.248,748.64,235.14,2.75,1
672089456.0,00058M12:32:06.221,748.55,236.07,2.85,1
672089457.0,00058M12:32:07.195,748.59,236.82,3.08,1
672089458.0,00058M12:32:08.168,748.57,237.88,2.75,1
672089459.0,00058M12:32:09.141,748.57,237.84,3.61,1
672089460.0,00058M12:32:10.114,748.55,236.35,3.57,1
672089461.0,00058M12:32:11.088,748.55,234.67,3.02,1
672089462.0,00058M12:32:12.061,748.59,235.93,2.56,1
672089463.0,00058M12:32:13.034,748.55,236.42,2.93,1
672089464.0,00058M12:32:14.007,748.5,236.69,3.15,1
672089465.0,00058M12:32:14.981,748.53,235.43,2.55,1
672089466.0,00058M12:32:15.954,748.52,235.08,2.61,1
672089467.0,00058M12:32:16.927,748.5,236.35,2.57,1
672089468.0,00058M12:32:17.900,748.52,237.32,3.72,1
672089469.0,00058M12:32:18.874,748.52,237.16,3.7,1
672089470.0,00058M12:32:19.847,748.5,237.2,3.33,1
672089471.0,00058M12:32:20.820,748.5,236.68,3.26,1
672089472.0,00058M12:32:21.793,748.45,237.04,2.85,1
672089473.0,00058M12:32:22.767,748.49,237.31,3.06,1
672089474.0,00058M12:32:23.740,748.47,236.24,2.37,1
672089475.0,00058M12:32:24.713,748.47,236.57,2.04,1
672089476.0,00058M12:32:25.686,748.47,237.53,1.84,1
672089477.0,00058M12:32:26.660,748.5,238.24,1.49,1
672089478.0,00058M12:32:27.633,748.41,238.1,1.35,1
672089479.0,00058M12:32:28.606,748.43,238.82,1.78,1
672089480.0,00058M12:32:29.579,748.43,238.45,1.78,1
672089481.0,00058M12:32:30.553,748.47,238.19,1.92,1
672089482.0,00058M12:32:31.526,748.49,238.83,2.01,1
672089483.0,00058M12:32:32.499,748.51,238.19,2.14,1
672089484.0,00058M12:32:33.472,748.44,238.29,2.01,1
672089485.0,00058M12:32:34.446,748.49,238.65,1.66,1
672089486.0,00058M12:32:35.419,748.47,238.98,1.67,1
672089487.0,00058M12:32:36.392,748.46,237.99,2.38,1
672089488.0,00058M12:32:37.365,748.46,237.76,2.74,1
672089489.0,00058M12:32:38.339,748.51,237.48,2.59,1
672089490.0,00058M12:32:39.312,748.49,235.82,3.13,1
672089491.0,00058M12:32:40.285,748.51,234.9,2.75,1
672089492.0,00058M12:32:41.258,748.48,235.06,2.4,1
672089493.0,00058M12:32:42.232,748.53,235.23,2.47,1
672089494.0,00058M12:32:43.205,748.49,235.73,2.48,1
672089495.0,00058M12:32:44.178,748.53,235.06,2.75,1
672089496.0,00058M12:32:45.151,748.57,234.74,2.89,1
672089497.0,00058M12:32:46.125,748.55,235.03,2.75,1
672089498.0,00058M12:32:47.098,748.53,236.29,1.62,1
672089499.0,00058M12:32:48.071,748.53,237.21,2.08,1
672089500.0,00058M12:32:49.044,748.48,238.03,1.59,1
672089501.0,00058M12:32:50.018,748.57,237.88,2.46,1
672089502.0,00058M12:32:50.991,748.57,238.64,2.62,1
672089503.0,00058M12:32:51.964,748.57,238.48,2.91,1
672089504.0,00058M12:32:52.937,748.55,237.52,2.52,1
672089505.0,00058M12:32:53.911,748.55,237.77,2.24,1
672089506.0,00058M12:32:54.884,748.59,238.81,2.62,1
672089507.0,00058M12:32:55.857,748.57,239.86,3.08,1
672089508.0,00058M12:32:56.830,748.55,239.82,3.6,1
672089509.0,00058M12:32:57.804,748.55,239.14,4.16,1
672089510.0,00058M12:32:58.777,748.57,239.6,3.88,1
672089511.0,00058M12:32:59.750,748.59,240.34,4.13,1
672089512.0,00058M12:33:00.723,748.52,236.45,4.14,1
672089513.0,00058M12:33:01.697,748.5,235.74,3.62,1
672089514.0,00058M12:33:02.670,748.55,236.29,4.21,1
672089515.0,00058M12:33:03.643,748.56,234.47,3.65,1
672089516.0,00058M12:33:04.616,748.52,233.58,3.9,1
672089517.0,00058M12:33:05.590,748.54,233.61,3.42,1
672089518.0,00058M12:33:06.563,748.52,233.3,3.27,1
672089519.0,00058M12:33:07.536,748.54,233.68,2.86,1
672089520.0,00058M12:33:08.509,748.52,234.45,2.39,1
672089521.0,00058M12:33:09.483,748.58,235.5,3.28,1
672089522.0,00058M12:33:10.456,748.45,236.26,3.71,1
672089523.0,00058M12:33:11.429,748.52,236.97,4.02,1
672089524.0,00058M12:33:12.402,748.51,238.63,2.84,1
672089525.0,00058M12:33:13.376,748.51,238.5,3.78,1
672089526.0,00058M12:33:14.349,748.49,237.97,4.92,1
672089527.0,00058M12:33:15.322,748.51,237.83,5.13,1
672089528.0,00058M12:33:16.295,748.51,235.75,5.11,1
672089529.0,00058M12:33:17.269,748.56,234.27,4.7,1
672089530.0,00058M12:33:18.242,748.58,234.91,4.16,1
672089531.0,00058M12:33:19.215,748.58,235.85,4.62,1
672089532.0,00058M12:33:20.188,748.6,234.18,4.62,1
672089533.0,00058M12:33:21.162,748.67,234.57,4.57,1
672089534.0,00058M12:33:22.135,748.64,235.71,5.68,1
672089535.0,00058M12:33:23.108,748.62,233.18,5.9,1
672089536.0,00058M12:33:24.081,748.62,233.35,4.38,1
672089537.0,00058M12:33:25.055,748.62,235.25,4.88,1
672089538.0,00058M12:33:26.028,748.55,234.94,4.16,1
672089539.0,00058M12:33:27.001,748.62,235.68,4.54,1
672089540.0,00058M12:33:27.974,748.58,236.02,4.34,1
672089541.0,00058M12:33:28.948,748.59,235.86,4.69,1
672089542.0,00058M12:33:29.921,748.57,235.73,3.26,1
672089543.0,00058M12:33:30.894,748.57,235.36,4.32,1
672089544.0,00058M12:33:31.867,748.55,233.07,3.61,1
672089545.0,00058M12:33:32.841,748.63,232.49,3.5,1
672089546.0,00058M12:33:33.814,748.55,235.15,3.81,1
672089547.0,00058M12:33:34.787,748.59,237.02,3.01,1
672089548.0,00058M12:33:35.760,748.55,234.64,4.5,1
672089549.0,00058M12:33:36.734,748.57,233.11,4.23,1
672089550.0,00058M12:33:37.707,748.57,234.27,2.66,1
672089551.0,00058M12:33:38.680,748.59,234.45,4.42,1
672089552.0,00058M12:33:39.653,748.61,235.38,3.42,1
672089553.0,00058M12:33:40.627,748.56,237.48,3.24,1
672089554.0,00058M12:33:41.600,748.54,236.94,3.44,1
672089555.0,00058M12:33:42.573,748.56,238.74,2.69,1
672089556.0,00058M12:33:43.546,748.58,237.01,3.59,1
672089557.0,00058M12:33:44.520,748.52,235.68,4.04,1
672089558.0,00058M12:33:45.493,748.58,234.04,2.73,1
672089559.0,00058M12:33:46.466,748.52,233.9,3.42,1
672089560.0,00058M12:33:47.440,748.54,234.88,2.96,1
672089561.0,00058M12:33:48.413,748.52,235.63,3.12,1
672089562.0,00058M12:33:49.386,748.56,234.92,3.31,1
672089563.0,00058M12:33:50.359,748.53,234.37,3.09,1
672089564.0,00058M12:33:51.333,748.54,234.52,2.53,1
672089565.0,00058M12:33:52.306,748.56,233.78,2.51,1
672089566.0,00058M12:33:53.279,748.49,233.87,3.42,1
672089567.0,00058M12:33:54.252,748.49,233.58,2.86,1
672089568.0,00058M12:33:55.226,748.47,234.21,2.87,1
672089569.0,00058M12:33:56.199,748.47,235.86,3.17,1
672089570.0,00058M12:33:57.172,748.47,235.59,3.54,1
672089571.0,00058M12:33:58.145,748.48,236.04,2.7,1
672089572.0,00058M12:33:59.119,748.48,236.97,4.09,1
672089573.0,00058M12:34:00.092,748.46,237.33,4.17,1
672089574.0,00058M12:34:01.065,748.5,236.21,3.85,1
672089575.0,00058M12:34:02.038,748.51,235.63,4.68,1
672089576.0,00058M12:34:03.012,748.51,235.7,4.68,1
672089577.0,00058M12:34:03.985,748.5,235.66,3.48,1
672089578.0,00058M12:34:04.958,748.48,237.5,3.6,1
672089579.0,00058M12:34:05.931,748.46,237.49,4.83,1
672089580.0,00058M12:34:06.905,748.55,237.08,5.17,1
672089581.0,00058M12:34:07.878,748.48,236.12,4.49,1
672089582.0,00058M12:34:08.851,748.52,235.31,4.17,1
672089583.0,00058M12:34:09.824,748.54,236.26,4.49,1
672089584.0,00058M12:34:10.798,748.55,234.65,5.06,1
672089585.0,00058M12:34:11.771,748.52,233.66,5.3,1
672089586.0,00058M12:34:12.744,748.52,232.51,4.97,1
672089587.0,00058M12:34:13.717,748.48,233.28,4.73,1
672089588.0,00058M12:34:14.691,748.48,232.7,4.43,1
672089589.0,00058M12:34:15.664,748.48,232.44,4.0,1
672089590.0,00058M12:34:16.637,748.46,232.32,4.14,1
672089591.0,00058M12:34:17.610,748.49,234.24,4.28,1
672089592.0,00058M12:34:18.584,748.5,234.43,3.95,1
672089593.0,00058M12:34:19.557,748.43,234.66,3.8,1
672089594.0,00058M12:34:20.530,748.43,237.01,3.23,1
672089595.0,00058M12:34:21.503,748.43,237.14,4.6,1
672089596.0,00058M12:34:22.477,748.43,235.33,4.53,1
672089597.0,00058M12:34:23.450,748.47,234.9,3.74,1
672089598.0,00058M12:34:24.423,748.49,235.3,2.9,1
672089599.0,00058M12:34:25.396,748.49,235.91,3.06,1
672089600.0,00058M12:34:26.370,748.49,236.44,2.5,1
672089601.0,00058M12:34:27.343,748.49,237.71,2.53,1
672089602.0,00058M12:34:28.316,748.47,238.13,2.75,1
672089603.0,00058M12:34:29.289,748.47,238.65,2.55,1
672089604.0,00058M12:34:30.263,748.44,238.78,2.91,1
672089605.0,00058M12:34:31.236,748.44,239.42,2.78,1
672089606.0,00058M12:34:32.209,748.44,240.06,3.31,1
672089607.0,00058M12:34:33.182,748.47,241.22,3.86,1
672089608.0,00058M12:34:34.156,748.5,238.97,4.74,1
672089609.0,00058M12:34:35.129,748.44,236.82,6.3,1
672089610.0,00058M12:34:36.102,748.46,236.09,5.34,1
672089611.0,00058M12:34:37.075,748.46,236.84,7.52,1
672089612.0,00058M12:34:38.049,748.42,238.38,6.46,1
672089613.0,00058M12:34:39.022,748.42,239.72,7.56,1
672089614.0,00058M12:34:39.995,748.48,236.88,6.24,1
672089615.0,00058M12:34:40.968,748.46,236.17,5.84,1
672089616.0,00058M12:34:41.942,748.46,236.62,8.65,1
672089617.0,00058M12:34:42.915,748.41,236.93,7.82,1
672089618.0,00058M12:34:43.888,748.48,239.14,6.28,1
672089619.0,00058M12:34:44.861,748.44,236.27,6.85,1
672089620.0,00058M12:34:45.835,748.5,235.97,5.9,1
672089621.0,00058M12:34:46.808,748.41,236.35,4.57,1
672089622.0,00058M12:34:47.781,748.44,237.96,6.36,1
672089623.0,00058M12:34:48.754,748.41,236.26,7.27,1
672089624.0,00058M12:34:49.728,748.39,236.6,6.58,1
672089625.0,00058M12:34:50.701,748.43,237.0,7.17,1
672089626.0,00058M12:34:51.674,748.39,238.18,5.72,1
672089627.0,00058M12:34:52.647,748.45,240.4,5.83,1
672089628.0,00058M12:34:53.621,748.43,241.84,5.97,1
672089629.0,00058M12:34:54.594,748.47,242.64,6.83,1
672089630.0,00058M12:34:55.567,748.39,239.36,6.59,1
672089631.0,00058M12:34:56.540,748.41,240.31,6.64,1
672089632.0,00058M12:34:57.514,748.47,236.8,7.16,1
672089633.0,00058M12:34:58.487,748.36,236.36,8.56,1
672089634.0,00058M12:34:59.460,748.47,236.31,8.49,1
672089635.0,00058M12:35:00.433,748.43,235.87,8.88,1
672089636.0,00058M12:35:01.407,748.38,236.77,7.52,1
672089637.0,00058M12:35:02.380,748.41,235.5,7.0,1
672089638.0,00058M12:35:03.353,748.36,237.6,7.36,1
672089639.0,00058M12:35:04.326,748.44,238.88,6.41,1
672089640.0,00058M12:35:05.300,748.42,238.73,7.57,1
672089641.0,00058M12:35:06.273,748.38,237.79,7.73,1
672089642.0,00058M12:35:07.246,748.35,233.99,8.46,1
672089643.0,00058M12:35:08.219,748.4,233.78,7.54,1
672089644.0,00058M12:35:09.193,748.4,233.87,7.62,1
672089645.0,00058M12:35:10.166,748.33,233.96,7.13,1
672089646.0,00058M12:35:11.139,748.42,233.98,7.34,1
672089647.0,00058M12:35:12.112,748.37,234.21,7.15,1
672089648.0,00058M12:35:13.086,748.36,236.14,7.27,1
672089649.0,00058M12:35:14.059,748.35,235.22,7.99,1
672089650.0,00058M12:35:15.032,748.31,234.11,8.26,1
672089651.0,00058M12:35:16.005,748.35,235.35,7.29,1
672089652.0,00058M12:35:16.979,748.35,237.66,7.36,1
672089653.0,00058M12:35:17.952,748.37,237.68,7.87,1
672089654.0,00058M12:35:18.925,748.37,233.95,8.25,1
672089655.0,00058M12:35:19.898,748.42,235.34,7.78,1
672089656.0,00058M12:35:20.872,748.39,236.08,7.33,1
672089657.0,00058M12:35:21.845,748.41,237.54,7.14,1
672089658.0,00058M12:35:22.818,748.37,238.52,9.3,1
672089659.0,00058M12:35:23.791,748.37,235.89,11.71,1
672089660.0,00058M12:35:24.765,748.41,232.98,6.36,1
672089661.0,00058M12:35:25.738,748.43,233.82,8.35,1
672089662.0,00058M12:35:26.711,748.43,234.3,7.43,1
672089663.0,00058M12:35:27.684,748.44,234.94,6.06,1
672089664.0,00058M12:35:28.658,748.47,237.72,5.62,1
672089665.0,00058M12:35:29.631,748.43,238.93,6.42,1
672089666.0,00058M12:35:30.604,748.48,239.87,5.95,1
672089667.0,00058M12:35:31.577,748.43,241.39,6.7,1
672089668.0,00058M12:35:32.551,748.45,239.19,5.62,1
672089669.0,00058M12:35:33.524,748.45,239.37,5.71,1
672089670.0,00058M12:35:34.497,748.43,239.25,5.77,1
672089671.0,00058M12:35:35.470,748.43,234.95,5.84,1
672089672.0,00058M12:35:36.444,748.43,235.06,4.66,1
672089673.0,00058M12:35:37.417,748.43,236.73,6.16,1
672089674.0,00058M12:35:38.390,748.42,235.9,5.89,1
672089675.0,00058M12:35:39.363,748.45,234.44,5.26,1
672089676.0,00058M12:35:40.337,748.43,237.17,6.59,1
672089677.0,00058M12:35:41.310,748.4,237.28,6.04,1
672089678.0,00058M12:35:42.283,748.45,236.52,6.93,1
672089679.0,00058M12:35:43.256,748.45,234.02,7.48,1
672089680.0,00058M12:35:44.230,748.49,234.24,5.74,1
672089681.0,00058M12:35:45.203,748.46,234.38,5.33,1
672089682.0,00058M12:35:46.176,748.46,236.22,5.35,1
672089683.0,00058M12:35:47.149,748.44,234.92,5.08,1
672089684.0,00058M12:35:48.123,748.44,234.52,5.62,1
672089685.0,00058M12:35:49.096,748.44,233.95,7.62,1
672089686.0,00058M12:35:50.069,748.44,233.91,5.73,1
672089687.0,00058M12:35:51.043,748.44,235.65,6.1,1
672089688.0,00058M12:35:52.016,748.38,235.07,5.58,1
672089689.0,00058M12:35:52.989,748.42,234.76,6.76,1
672089690.0,00058M12:35:53.962,748.46,234.94,6.63,1
672089691.0,00058M12:35:54.936,748.44,235.43,5.88,1
672089692.0,00058M12:35:55.909,748.48,236.0,5.83,1
672089693.0,00058M12:35:56.882,748.44,238.03,5.21,1
672089694.0,00058M12:35:57.855,748.52,235.54,6.31,1
672089695.0,00058M12:35:58.829,748.48,234.87,6.2,1
672089696.0,00058M12:35:59.802,748.48,231.54,6.16,1
672089697.0,00058M12:36:00.775,748.48,231.0,5.32,1
672089698.0,00058M12:36:01.748,748.47,231.22,5.67,1
672089699.0,00058M12:36:02.722,748.5,231.12,5.8,1
672089700.0,00058M12:36:03.695,748.48,231.53,4.52,1
672089701.0,00058M12:36:04.668,748.5,230.87,4.43,1
672089702.0,00058M12:36:05.641,748.48,230.91,4.16,1
672089703.0,00058M12:36:06.615,748.45,231.09,4.03,1
672089704.0,00058M12:36:07.588,748.45,231.37,3.42,1
672089705.0,00058M12:36:08.561,748.45,231.65,3.91,1
672089706.0,00058M12:36:09.534,748.5,232.4,4.0,1
672089707.0,00058M12:36:10.508,748.43,233.27,2.99,1
672089708.0,00058M12:36:11.481,748.49,234.86,2.89,1
672089709.0,00058M12:36:12.454,748.49,234.63,3.66,1
672089710.0,00058M12:36:13.427,748.47,234.26,3.93,1
672089711.0,00058M12:36:14.401,748.44,233.93,3.57,1
672089712.0,00058M12:36:15.374,748.41,234.59,4.64,1
672089713.0,00058M12:36:16.347,748.43,235.08,3.53,1
672089714.0,00058M12:36:17.320,748.47,236.04,3.56,1
672089715.0,00058M12:36:18.294,748.45,236.81,3.87,1
672089716.0,00058M12:36:19.267,748.47,237.47,3.24,1
672089717.0,00058M12:36:20.240,748.4,238.63,3.2,1
672089718.0,00058M12:36:21.213,748.49,239.18,3.94,1
672089719.0,00058M12:36:22.187,748.46,239.64,4.4,1
672089720.0,00058M12:36:23.160,748.47,239.68,5.43,1
672089721.0,00058M12:36:24.133,748.51,239.09,5.18,1
672089722.0,00058M12:36:25.106,748.51,239.75,5.21,1
672089723.0,00058M12:36:26.080,748.46,241.55,5.59,1
672089724.0,00058M12:36:27.053,748.42,236.31,7.06,1
672089725.0,00058M12:36:28.026,748.44,234.96,7.76,1
672089726.0,00058M12:36:28.999,748.48,236.82,7.59,1
672089727.0,00058M12:36:29.973,748.37,236.17,6.63,1
672089728.0,00058M12:36:30.946,748.42,236.5,6.43,1
672089729.0,00058M12:36:31.919,748.5,238.98,5.68,1
672089730.0,00058M12:36:32.892,748.42,238.52,6.61,1
672089731.0,00058M12:36:33.866,748.45,237.18,6.4,1
672089732.0,00058M12:36:34.839,748.41,237.14,6.54,1
672089733.0,00058M12:36:35.812,748.43,237.38,6.91,1
672089734.0,00058M12:36:36.785,748.39,239.72,7.63,1
672089735.0,00058M12:36:37.759,748.37,239.0,9.41,1
672089736.0,00058M12:36:38.732,748.41,233.99,8.39,1
672089737.0,00058M12:36:39.705,748.43,235.68,6.95,1
672089738.0,00058M12:36:40.678,748.37,237.86,7.73,1
672089739.0,00058M12:36:41.652,748.41,238.55,7.34,1
672089740.0,00058M12:36:42.625,748.36,240.93,7.86,1
672089741.0,00058M12:36:43.598,748.43,240.78,6.44,1
672089742.0,00058M12:36:44.571,748.45,240.6,6.87,1
672089743.0,00058M12:36:45.545,748.45,239.66,8.36,1
672089744.0,00058M12:36:46.518,748.41,233.87,7.9,1
672089745.0,00058M12:36:47.491,748.41,234.19,6.94,1
672089746.0,00058M12:36:48.464,748.36,235.01,7.9,1
672089747.0,00058M12:36:49.438,748.45,234.97,7.33,1
672089748.0,00058M12:36:50.411,748.45,234.54,8.08,1
672089749.0,00058M12:36:51.384,748.43,233.84,6.5,1
672089750.0,00058M12:36:52.357,748.43,235.34,7.43,1
672089751.0,00058M12:36:53.331,748.43,235.85,5.54,1
672089752.0,00058M12:36:54.304,748.45,237.39,6.62,1
672089753.0,00058M12:36:55.277,748.49,237.26,8.77,1
672089754.0,00058M12:36:56.250,748.54,235.57,7.87,1
672089755.0,00058M12:36:57.224,748.47,234.3,8.13,1
672089756.0,00058M12:36:58.197,748.49,235.55,7.65,1
672089757.0,00058M12:36:59.170,748.51,235.92,7.58,1
672089758.0,00058M12:37:00.143,748.49,234.17,7.99,1
672089759.0,00058M12:37:01.117,748.51,233.28,7.56,1
672089760.0,00058M12:37:02.090,748.51,236.04,7.68,1
672089761.0,00058M12:37:03.063,748.58,234.42,6.11,1
672089762.0,00058M12:37:04.036,748.53,234.93,6.42,1
672089763.0,00058M12:37:05.010,748.53,233.6,6.83,1
672089764.0,00058M12:37:05.983,748.51,231.86,5.56,1
672089765.0,00058M12:37:06.956,748.53,231.29,5.33,1
672089766.0,00058M12:37:07.929,748.55,231.73,5.28,1
672089767.0,00058M12:37:08.903,748.48,232.08,5.09,1
672089768.0,00058M12:37:09.876,748.5,231.41,4.72,1
672089769.0,00058M12:37:10.849,748.5,231.17,4.16,1
672089770.0,00058M12:37:11.822,748.5,231.24,4.1,1
672089771.0,00058M12:37:12.796,748.5,231.5,3.9,1
672089772.0,00058M12:37:13.769,748.5,231.47,4.33,1
672089773.0,00058M12:37:14.742,748.48,232.99,5.13,1
672089774.0,00058M12:37:15.715,748.5,234.2,4.83,1
672089775.0,00058M12:37:16.689,748.5,234.7,6.05,1
672089776.0,00058M12:37:17.662,748.5,233.09,5.62,1
672089777.0,00058M12:37:18.635,748.52,233.87,5.73,1
672089778.0,00058M12:37:19.608,748.5,234.82,5.21,1
672089779.0,00058M12:37:20.582,748.47,236.61,4.22,1
672089780.0,00058M12:37:21.555,748.54,236.88,5.52,1
672089781.0,00058M12:37:22.528,748.54,237.38,4.53,1
672089782.0,00058M12:37:23.501,748.47,237.41,6.05,1
672089783.0,00058M12:37:24.475,748.54,238.86,4.81,1
672089784.0,00058M12:37:25.448,748.5,240.58,5.1,1
672089785.0,00058M12:37:26.421,748.52,238.78,6.99,1
672089786.0,00058M12:37:27.394,748.49,237.63,7.72,1
672089787.0,00058M12:37:28.368,748.47,235.51,6.02,1
672089788.0,00058M12:37:29.341,748.45,237.33,6.61,1
672089789.0,00058M12:37:30.314,748.51,238.21,7.39,1
672089790.0,00058M12:37:31.287,748.47,238.71,6.48,1
672089791.0,00058M12:37:32.261,748.49,238.94,6.63,1
672089792.0,00058M12:37:33.234,748.47,237.79,7.37,1
672089793.0,00058M12:37:34.207,748.44,233.76,6.76,1
672089794.0,00058M12:37:35.180,748.42,233.76,7.39,1
672089795.0,00058M12:37:36.154,748.46,235.68,6.46,1
672089796.0,00058M12:37:37.127,748.51,236.94,5.73,1
672089797.0,00058M12:37:38.100,748.49,236.78,7.87,1
672089798.0,00058M12:37:39.073,748.51,238.12,5.58,1
672089799.0,00058M12:37:40.047,748.55,239.14,,0
672089800.0,00058M12:37:41.020,748.5,239.09,,0
672089801.0,00058M12:37:41.993,748.51,241.32,,0
672089802.0,00058M12:37:42.966,748.51,241.93,,0
672089803.0,00058M12:37:43.940,748.57,239.46,,0
672089804.0,00058M12:37:44.913,748.51,235.25,,0
672089805.0,00058M12:37:45.886,748.5,234.14,,0
672089806.0,00058M12:37:46.859,748.5,235.22,7.14,1
672089807.0,00058M12:37:47.833,748.55,234.54,7.43,1
672089808.0,00058M12:37:48.806,748.5,234.83,6.45,1
672089809.0,00058M12:37:49.779,748.5,235.89,5.88,1
672089810.0,00058M12:37:50.752,748.52,236.14,6.2,1
672089811.0,00058M12:37:51.726,748.52,237.78,5.63,1
672089812.0,00058M12:37:52.699,748.52,236.88,3.73,1
672089813.0,00058M12:37:53.672,748.52,237.62,4.17,1
672089814.0,00058M12:37:54.646,748.5,238.36,5.59,1
672089815.0,00058M12:37:55.619,748.48,238.45,6.24,1
672089816.0,00058M12:37:56.592,748.54,239.24,6.04,1
672089817.0,00058M12:37:57.565,748.48,237.01,6.53,1
672089818.0,00058M12:37:58.539,748.5,234.95,7.37,1
672089819.0,00058M12:37:59.512,748.47,235.36,4.59,1
