time_s,qx,qy,qz,qw,x_m,y_m,z_m,raw_qx,raw_qy,raw_qz,raw_qw,raw_x_m,raw_y_m,raw_z_m,sclk_s,source_unix_s
0.0,0.12396848670619691,0.08398875407020089,0.0017560133319280396,0.9887237328549816,-0.1278693377971649,0.2650964558124542,0.546750545501709,-0.9887237548828125,0.001756013371050358,-0.08398875594139099,0.1239684894680977,-0.1278693377971649,-0.2650964558124542,-0.546750545501709,748163898.6501911,1694892629.100465
0.796118974685669,0.047479223647764836,-0.0450635703200429,0.015366386682972785,0.9977368751891079,-0.04026162624359131,0.2798502147197723,1.09129524230957,-0.9977368712425232,0.01536638662219048,0.0450635701417923,0.04747922345995903,-0.04026162624359131,-0.2798502147197723,-1.09129524230957,748163899.4463029,1694892629.896584
1.5922980308532715,0.0611124358373272,-0.008261849892849574,0.011885220812870743,0.9980259282947541,-0.03257642313838005,0.2684137225151062,1.604299426078796,-0.9980259537696838,0.01188522111624479,0.008261850103735924,0.06111243739724159,-0.03257642313838005,-0.2684137225151062,-1.604299426078796,748163900.2424829,1694892630.692763
2.3884618282318115,0.05804068576602121,-0.002435762427405139,0.0026154359718928545,0.9983078209409583,-0.04315990954637527,0.2954486310482025,2.226494550704956,-0.9983078241348267,0.002615435980260372,0.00243576243519783,0.05804068595170975,-0.04315990954637527,-0.2954486310482025,-2.226494550704956,748163901.0386391,1694892631.488927
3.1853890419006348,0.06139766125357736,-0.006570875722801505,0.007924173121483297,0.9980602979104856,-0.03938837721943855,0.3117944896221161,2.840629577636719,-0.9980602860450745,0.007924173027276993,0.006570875644683838,0.06139766052365303,-0.03938837721943855,-0.3117944896221161,-2.840629577636719,748163901.835556,1694892632.285854
3.983994960784912,0.06767416109761709,-0.01102544664532827,0.006492725212773953,0.9976254266834402,-0.03902658075094223,0.3229914903640747,3.404946804046631,-0.9976254105567932,0.006492725107818842,0.01102544646710157,0.06767416000366211,-0.03902658075094223,-0.3229914903640747,-3.404946804046631,748163902.634151,1694892633.08446
4.782554864883423,0.06578973088894141,-0.0008315484349559918,0.000981970829475212,0.9978326791451816,-0.04722600430250168,0.3335176110267639,3.906313180923462,-0.9978326559066772,0.000981970806606114,0.0008315484155900776,0.06578972935676575,-0.04722600430250168,-0.3335176110267639,-3.906313180923462,748163903.4327159,1694892633.88302
5.578351974487305,0.07412890544207783,-0.006455068184428414,-0.003366781489194453,0.9972220927431853,-0.04181277751922607,0.3450097143650055,4.187975406646729,-0.9972220659255981,-0.003366781398653984,0.00645506801083684,0.0741289034485817,-0.04181277751922607,-0.3450097143650055,-4.187975406646729,748163904.2284989,1694892634.678817
6.36919093132019,0.08080572059093134,-0.014462753501906405,0.0035232369128810645,0.9966187089767978,0.01436661556363106,0.3615985810756683,4.244174003601074,-0.9966186881065369,0.003523236839100718,0.01446275319904089,0.0808057188987732,0.01436661556363106,-0.3615985810756683,-4.244174003601074,748163905.0193269,1694892635.469656
7.16535496711731,0.07333587166774813,-0.018623925889560914,0.015232659062863052,0.9970170336604417,0.09912429004907608,0.3521034717559814,4.242355823516846,-0.9970170259475708,0.01523265894502401,0.01862392574548721,0.07333587110042572,0.09912429004907608,-0.3521034717559814,-4.242355823516846,748163905.815485,1694892636.26582
7.961549997329712,0.07418880449648284,-0.025958218976236756,0.01363676104717648,0.9968130370852434,0.1830340474843979,0.353442907333374,4.244812488555908,-0.9968130588531494,0.01363676134496927,0.0259582195430994,0.07418880611658096,0.1830340474843979,-0.353442907333374,-4.244812488555908,748163906.611685,1694892637.062015
8.757683992385864,0.07561139114331772,-0.025126187453107487,0.014692389594726064,0.9967124589977996,0.2479613423347473,0.3070651888847351,4.246913909912109,-0.9967124462127686,0.01469238940626383,0.02512618713080883,0.07561139017343521,0.2479613423347473,-0.3070651888847351,-4.246913909912109,748163907.4078081,1694892637.858149
9.553908824920654,0.07692653158322418,-0.030844899766819468,0.017195214072426444,0.996411172915054,0.3194140195846558,0.3050758838653564,4.253474712371826,-0.996411144733429,0.017195213586092,0.03084489889442921,0.07692652940750122,0.3194140195846558,-0.3050758838653564,-4.253474712371826,748163908.2040219,1694892638.654374
10.35004186630249,0.07406500919000485,-0.031944756293170104,0.01741095491199516,0.9965895672783791,0.3793861567974091,0.283282607793808,4.253886222839355,-0.9965895414352417,0.01741095446050167,0.03194475546479225,0.07406500726938248,0.3793861567974091,-0.283282607793808,-4.253886222839355,748163909.000148,1694892639.450507
11.145992994308472,0.07211137407355143,-0.031106404288798618,0.01463461356317207,0.9968039774335288,0.3893686234951019,0.2460759878158569,4.255670547485352,-0.9968039989471436,0.01463461387902498,0.03110640496015549,0.07211137562990189,0.3893686234951019,-0.2460759878158569,-4.255670547485352,748163909.7960961,1694892640.246458
11.942370891571045,0.06677847338152466,-0.03127079821401406,0.007825434187465483,0.9972469780609361,0.3591127693653107,0.1530146151781082,4.256472110748291,-0.9972469806671143,0.00782543420791626,0.03127079829573631,0.06677847355604172,0.3591127693653107,-0.1530146151781082,-4.256472110748291,748163910.5924649,1694892641.042836
12.738518953323364,0.06147389626894152,-0.0248312061738303,0.010997356166885274,0.9977391590164268,0.3197176158428192,0.08247362077236176,4.263043403625488,-0.9977391362190247,0.01099735591560602,0.02483120560646057,0.06147389486432076,0.3197176158428192,-0.08247362077236176,-4.263043403625488,748163911.388608,1694892641.838984
13.53466796875,0.06322371278425686,-0.02625162739719516,0.010742779929560162,0.9975962143473468,0.2363267540931702,-0.006445995066314936,4.264444351196289,-0.9975962042808533,0.01074277982115746,0.02625162713229656,0.0632237121462822,0.2363267540931702,0.006445995066314936,-4.264444351196289,748163912.1847589,1694892642.635133
14.330847978591919,0.058062459792008664,-0.020359808410249116,0.008537972275145224,0.9980688012325744,0.1544939577579498,-0.09932802617549896,4.267698287963867,-0.9980688095092773,0.00853797234594822,0.02035980857908726,0.05806246027350426,0.1544939577579498,0.09932802617549896,-4.267698287963867,748163912.980926,1694892643.431313
15.127255916595459,0.05003548675544965,-0.013426938728998654,0.01395812692960292,0.9985596317066548,0.07303129881620407,-0.1933904141187668,4.28319263458252,-0.9985596537590027,0.01395812723785639,0.01342693902552128,0.05003548786044121,0.07303129881620407,0.1933904141187668,-4.28319263458252,748163913.7773299,1694892644.227721
15.923115015029907,0.04391071273629027,-0.010570534681303083,0.015463968065583365,0.9988598394145242,-0.02396012842655182,-0.2703740298748016,4.490859508514404,-0.9988598227500916,0.01546396780759096,0.01057053450495005,0.04391071200370789,-0.02396012842655182,0.2703740298748016,-4.490859508514404,748163914.573185,1694892645.02358
16.721415042877197,0.044787488383355965,-0.0003329653081514729,0.016891153342821836,0.9988536724451504,-0.1601922959089279,-0.3423596024513245,4.947597980499268,-0.9988536834716797,0.01689115352928638,0.0003329653118271381,0.04478748887777328,-0.1601922959089279,0.3423596024513245,-4.947597980499268,748163915.371469,1694892645.82188
17.517761945724487,0.03359048029208338,0.007503641681465625,0.0059273340045561005,0.9993899347636346,-0.3449252843856812,-0.5351740717887878,5.564665794372559,-0.9993899464607239,0.005927334073930979,-0.00750364176928997,0.03359048068523407,-0.3449252843856812,0.5351740717887878,-5.564665794372559,748163916.167815,1694892646.618227
18.311591863632202,0.03573999109875592,0.006111037795155877,0.003832201163903522,0.9993350901912562,-0.5120388865470886,-0.7134881019592285,6.153520584106445,-0.9993351101875305,0.003832201240584254,-0.006111037917435169,0.03573999181389809,-0.5120388865470886,0.7134881019592285,-6.153520584106445,748163916.961637,1694892647.412057
19.10775589942932,0.03985280449954466,0.003658512521281088,0.006589638380147608,0.9991771344089455,-0.601473867893219,-0.8002288937568665,6.728947162628174,-0.9991771578788757,0.006589638534933329,-0.003658512607216835,0.0398528054356575,-0.601473867893219,0.8002288937568665,-6.728947162628174,748163917.7577989,1694892648.208221
19.90391993522644,0.040729419295547076,0.0005276660784149269,0.008515290172512988,0.9991337877409787,-0.6152285933494568,-0.7792826294898987,7.31454610824585,-0.9991337656974792,0.00851528998464346,-0.0005276660667732358,0.04072941839694977,-0.6152285933494568,0.7792826294898987,-7.31454610824585,748163918.553962,1694892649.004385
20.70009994506836,0.04484936585523108,-0.001607170557945732,0.005317723367346257,0.9989783146812397,-0.51341313123703,-0.6697378158569336,7.862520694732666,-0.998978316783905,0.005317723378539085,0.00160717056132853,0.04484936594963074,-0.51341313123703,0.6697378158569336,-7.862520694732666,748163919.350132,1694892649.800565
21.49624800682068,0.05234777603420771,-0.008599042972209807,0.008264044376368452,0.9985576960670725,-0.4077779948711395,-0.4279664754867554,8.14352798461914,-0.9985576868057251,0.008264044299721718,0.008599042892456055,0.05234777554869652,-0.4077779948711395,0.4279664754867554,-8.14352798461914,748163920.1462779,1694892650.596713
22.292397022247314,0.08104998818162588,-0.023065407397709573,0.009079398811164497,0.9964017517620911,-0.2295325100421906,-0.1395566463470459,8.26412296295166,-0.9964017271995544,0.009079398587346077,0.02306540682911873,0.08104998618364334,-0.2295325100421906,0.1395566463470459,-8.26412296295166,748163920.94241,1694892651.392862
23.088561058044434,0.080387586614411,-0.02423335292025496,0.017715583009587373,0.9963115670527887,-0.08893360942602158,0.05370910838246346,8.244340896606445,-0.9963115453720093,0.0177155826240778,0.02423335239291191,0.08038758486509323,-0.08893360942602158,-0.05370910838246346,-8.244340896606445,748163921.73857,1694892652.189026
23.884724855422974,0.07832514410715041,-0.029436243382527358,0.014902674433316748,0.996381748965151,0.03214225172996521,0.2563058733940125,8.240001678466797,-0.9963817596435547,0.01490267459303141,0.02943624369800091,0.07832514494657516,0.03214225172996521,-0.2563058733940125,-8.240001678466797,748163922.5347309,1694892652.98519
24.68088984489441,0.08049280210973812,-0.026325078728682276,0.01613451915914754,0.9962768572690798,0.1802821904420853,0.3646087050437927,8.252277374267578,-0.99627685546875,0.01613451912999153,0.02632507868111134,0.08049280196428299,0.1802821904420853,-0.3646087050437927,-8.252277374267578,748163923.3308849,1694892653.781355
25.47870182991028,0.0794680936614428,-0.033632002706985756,0.01413467616881926,0.996169624819657,0.2830132246017456,0.4144729673862457,8.24980354309082,-0.9961696267127991,0.0141346761956811,0.03363200277090073,0.07946809381246567,0.2830132246017456,-0.4144729673862457,-8.24980354309082,748163924.128691,1694892654.579167
26.272974014282227,0.06946503376282509,-0.031254339986963954,0.016866799456785944,0.9969519980382173,0.3540494441986084,0.4200608730316162,8.235886573791504,-0.9969519972801208,0.01686679944396019,0.03125433996319771,0.0694650337100029,0.3540494441986084,-0.4200608730316162,-8.235886573791504,748163924.922956,1694892655.373439
27.0693359375,0.07332945019766544,-0.031186022501371827,0.009847276113886966,0.9967714155649673,0.3811676502227783,0.4174520969390869,8.25462818145752,-0.9967713952064514,0.009847275912761688,0.03118602186441422,0.07332944869995117,0.3811676502227783,-0.4174520969390869,-8.25462818145752,748163925.71931,1694892656.169801
27.86551594734192,0.06891393486071505,-0.025960686887066108,0.011328013325453834,0.997220431214916,0.3676972389221191,0.4225678145885468,8.266460418701172,-0.9972204566001892,0.01132801361382008,0.02596068754792213,0.06891393661499023,0.3676972389221191,-0.4225678145885468,-8.266460418701172,748163926.515492,1694892656.965981
28.661710023880005,0.06671926960133547,-0.02272454034514434,0.009994496345526207,0.9974629037577115,0.3499528765678406,0.3232051134109497,8.260156631469727,-0.9974629282951355,0.00999449659138918,0.02272454090416431,0.06671927124261856,0.3499528765678406,-0.3232051134109497,-8.260156631469727,748163927.3116779,1694892657.762175
29.457844018936157,0.06141096313847868,-0.026620784602402383,0.012695763178087635,0.9976767237090794,0.3148004710674286,0.237577423453331,8.239988327026367,-0.9976767301559448,0.01269576326012611,0.02662078477442265,0.06141096353530884,0.3148004710674286,-0.237577423453331,-8.239988327026367,748163928.107799,1694892658.558309
30.254008054733276,0.06359841042691224,-0.030898882626036687,0.013746934256226098,0.9974023877263315,0.2908894717693329,0.1766935437917709,8.255415916442871,-0.9974023699760437,0.01374693401157856,0.03089888207614422,0.06359840929508209,0.2908894717693329,-0.1766935437917709,-8.255415916442871,748163928.9039581,1694892659.354473
31.0504310131073,0.05999815373413794,-0.02680542652061965,0.016404410576449077,0.9977036563886,0.2667642533779144,0.0745667964220047,8.27544116973877,-0.9977036714553833,0.01640441082417965,0.02680542692542076,0.05999815464019775,0.2667642533779144,-0.0745667964220047,-8.27544116973877,748163929.7003839,1694892660.150896
31.84628987312317,0.05600113896421351,-0.024509806633315943,0.01665102162056346,0.9979909244539752,0.2199362516403198,0.001834331662394106,8.476624488830566,-0.9979909062385559,0.01665102131664753,0.02450980618596077,0.05600113794207573,0.2199362516403198,-0.001834331662394106,-8.476624488830566,748163930.496237,1694892660.946755
32.644407987594604,0.0563790587461214,-0.01589514351191496,0.01570776885623174,0.9981593120064532,0.1650973260402679,-0.04931975901126862,8.886808395385742,-0.9981592893600464,0.01570776849985123,0.01589514315128326,0.0563790574669838,0.1650973260402679,0.04931975901126862,-8.886808395385742,748163931.294339,1694892661.744873
33.440677881240845,0.059072196388413135,-0.02477138112963678,0.011972594055610257,0.9978744967591658,0.1390696167945862,-0.0781758725643158,9.461427688598633,-0.9978744983673096,0.01197259407490492,0.02477138116955757,0.05907219648361206,0.1390696167945862,0.0781758725643158,-9.461427688598633,748163932.090605,1694892662.541143
34.23472189903259,0.057954247694217934,-0.029579425053670873,0.009816593431815698,0.9978326499373962,0.1125107780098915,-0.09245842695236206,10.05813884735107,-0.9978326559066772,0.009816593490540981,0.02957942523062229,0.05795424804091454,0.1125107780098915,0.09245842695236206,-10.05813884735107,748163932.884645,1694892663.335187
35.03093099594116,0.055236658544921234,-0.032545629064397084,0.013211092577025688,0.9978552803961682,0.1041529104113579,-0.1066051945090294,10.66608142852783,-0.9978553056716919,0.01321109291166067,0.03254562988877296,0.05523665994405746,0.1041529104113579,0.1066051945090294,-10.66608142852783,748163933.680845,1694892664.131396
35.8270800113678,0.05519988628374216,-0.031291204687846984,0.013772266587648286,0.9978898525070209,0.1112359464168549,-0.1249027475714684,11.25411033630371,-0.9978898763656616,0.01377226691693068,0.03129120543599129,0.05519988760352135,0.1112359464168549,0.1249027475714684,-11.25411033630371,748163934.476989,1694892664.927545
36.62324404716492,0.06587294443187024,-0.03405978879411557,0.006050338926422583,0.9972281982465454,0.04768993705511093,-0.07296450436115265,11.82258987426758,-0.99722820520401,0.006050338968634605,0.034059789031744,0.06587294489145279,0.04768993705511093,0.07296450436115265,-11.82258987426758,748163935.2731459,1694892665.723709
37.41940784454346,0.06740964108900285,-0.032983108889299034,0.010345258603961367,0.9971263863927509,0.03323249891400337,-0.04205704852938652,12.13879299163818,-0.9971264004707336,0.01034525875002146,0.03298310935497284,0.06740964204072952,0.03323249891400337,0.04205704852938652,-12.13879299163818,748163936.069313,1694892666.519873
38.21555685997009,0.06909491860526275,-0.029488084810904244,0.01032954732876822,0.9971206775155652,0.03249069675803185,-0.01820667646825314,12.24668312072754,-0.9971206784248352,0.01032954733818769,0.0294880848377943,0.06909491866827011,0.03249069675803185,0.01820667646825314,-12.24668312072754,748163936.865454,1694892667.316022
39.011751890182495,0.08069587378115238,-0.012537808901156446,0.009356592641789433,0.996615990979871,-0.07340998947620392,0.1098045259714127,12.29591941833496,-0.996616005897522,0.009356592781841755,0.01253780908882618,0.08069587498903275,-0.07340998947620392,-0.1098045259714127,-12.29591941833496,748163937.6616311,1694892668.112217
39.80788588523865,0.06629151887575575,-0.02283625503584181,0.01059608912363544,0.9974826629452601,-0.09573379904031754,0.08969036489725113,12.18559074401855,-0.9974826574325562,0.01059608906507492,0.02283625490963459,0.06629151850938797,-0.09573379904031754,-0.08969036489725113,-12.18559074401855,748163938.4577689,1694892668.908351
40.60406494140625,0.058602814074015415,-0.01670104091565422,0.013108586060192814,0.9980555848180213,-0.0986396074295044,0.02727605774998665,12.20997428894043,-0.9980555772781372,0.01310858596116304,0.01670104078948498,0.05860281363129616,-0.0986396074295044,-0.02727605774998665,-12.20997428894043,748163939.2539301,1694892669.70453
41.40164804458618,0.06263201814471765,-0.013334494362408683,0.009786952491210915,0.9978996127487743,-0.08600965142250061,0.02102792635560036,12.27366828918457,-0.99789959192276,0.009786952286958694,0.0133344940841198,0.0626320168375969,-0.08600965142250061,-0.02102792635560036,-12.27366828918457,748163940.0515189,1694892670.502113
42.19567584991455,0.06663045385195353,-0.028044149692333015,0.013214230731894436,0.9972959903627814,-0.01458639930933714,0.03627974912524223,12.23009395599365,-0.9972959756851196,0.01321423053741455,0.02804414927959442,0.06663045287132263,-0.01458639930933714,-0.03627974912524223,-12.23009395599365,748163940.845536,1694892671.296141
42.992419958114624,0.07703140928807585,-0.028078039400045416,0.010086345231997215,0.9965821849332867,0.0145507687702775,0.06652730703353882,12.27483081817627,-0.9965822100639343,0.01008634548634291,0.02807804010808468,0.07703141123056412,0.0145507687702775,-0.06652730703353882,-12.27483081817627,748163941.6422789,1694892672.092885
43.788676023483276,0.06813796430428556,-0.01422777734528893,0.0004230477677684272,0.9975743627433833,0.0209498293697834,0.07818378508090973,12.29583072662354,-0.9975743889808655,0.0004230477788951248,0.01422777771949768,0.06813796609640121,0.0209498293697834,-0.07818378508090973,-12.29583072662354,748163942.4385209,1694892672.889141
44.58482384681702,0.06793966200183908,-0.015010427807008835,0.013064941498769885,0.9974909506796341,0.03385581448674202,0.07962377369403839,12.25721454620361,-0.9974909424781799,0.01306494139134884,0.01501042768359184,0.06793966144323349,0.03385581448674202,-0.07962377369403839,-12.25721454620361,748163943.2346699,1694892673.685289
45.3810498714447,0.07241766973854269,-0.033780921595912644,0.01602349446702922,0.9966733557544495,0.1142941415309906,0.1039376929402351,12.22998523712158,-0.9966733455657959,0.01602349430322647,0.03378092125058174,0.07241766899824142,0.1142941415309906,-0.1039376929402351,-12.22998523712158,748163944.0308831,1694892674.481515
46.177167892456055,0.07061746125277303,-0.04481705375789534,0.010866415923623933,0.9964369156467708,0.2114377468824387,0.09074930101633072,12.21456527709961,-0.9964368939399719,0.01086641568690538,0.04481705278158188,0.07061745971441269,0.2114377468824387,-0.09074930101633072,-12.21456527709961,748163944.8269899,1694892675.277633
46.97331690788269,0.06174956236264811,-0.03701921909453355,0.012775753571261086,0.9973230916239425,0.2909250259399414,0.03347119316458702,12.2895393371582,-0.9973230957984924,0.01277575362473726,0.03701921924948692,0.06174956262111664,0.2909250259399414,-0.03347119316458702,-12.2895393371582,748163945.6231439,1694892676.073782
47.769510984420776,0.05819153383160793,-0.039785902741967964,0.022465275484674543,0.9972593136846248,0.3437975347042084,-0.04405805841088295,12.4521541595459,-0.9972593188285828,0.02246527560055256,0.03978590294718742,0.05819153413176537,0.3437975347042084,0.04405805841088295,-12.4521541595459,748163946.419332,1694892676.869976
48.56579804420471,0.06356690229708555,-0.0523566169040956,0.02366246897958184,0.9963222978336382,0.3777656555175781,-0.05579513683915138,12.82273864746094,-0.9963222742080688,0.02366246841847897,0.05235661566257477,0.0635669007897377,0.3777656555175781,0.05579513683915138,-12.82273864746094,748163947.2156069,1694892677.666263
49.364418029785156,0.05527163677111293,-0.0560631007731479,0.015332742615388376,0.9967782511191906,0.3792251348495483,-0.09916187077760696,13.39005184173584,-0.9967782497406006,0.01533274259418249,0.05606310069561005,0.05527163669466972,0.3792251348495483,0.09916187077760696,-13.39005184173584,748163948.0142169,1694892678.464883
50.16262698173523,0.05408841990730564,-0.05290343489326189,0.012018959689600962,0.9970612889970231,0.3272906243801117,-0.08286554366350174,13.97601985931396,-0.9970613121986389,0.01201895996928215,0.0529034361243248,0.05408842116594315,0.3272906243801117,0.08286554366350174,-13.97601985931396,748163948.812427,1694892679.263092
50.95947790145874,0.08039811854744251,-0.03895736043481764,0.011177102835152936,0.9959385216840423,0.2243763208389282,0.001384692848660052,14.59725570678711,-0.9959385395050049,0.01117710303515196,0.03895736113190651,0.08039811998605728,0.2243763208389282,-0.001384692848660052,-14.59725570678711,748163949.609271,1694892680.059943
51.75022482872009,0.06889336694261376,-0.03947928999506356,0.014240488695381328,0.9967408379987813,0.1376197636127472,0.0328625813126564,15.16964054107666,-0.9967408180236816,0.01424048840999603,0.03947928920388222,0.06889336556196213,0.1376197636127472,-0.0328625813126564,-15.16964054107666,748163950.400002,1694892680.85069
52.54637384414673,0.07443141868501901,-0.02950092936623675,0.009164732796233694,0.9967475441413624,0.0802629366517067,0.03719544038176537,15.73324775695801,-0.9967475533485413,0.00916473288089037,0.0295009296387434,0.0744314193725586,0.0802629366517067,-0.03719544038176537,-15.73324775695801,748163951.196151,1694892681.646839
53.34255290031433,0.06404419965776705,-0.03773349882747832,0.007064327107009287,0.9972084129403233,0.07817266881465912,0.005311019718647003,16.06072616577148,-0.9972084164619446,0.007064327131956816,0.03773349896073341,0.06404419988393784,0.07817266881465912,-0.005311019718647003,-16.06072616577148,748163951.992322,1694892682.443018
54.13871788978577,0.0714179336698104,-0.040265268718966345,0.004058305087581059,0.996625163762756,0.06221815571188927,-0.02655504643917084,16.26218795776367,-0.9966251850128174,0.00405830517411232,0.0402652695775032,0.07141793519258499,0.06221815571188927,0.02655504643917084,-16.26218795776367,748163952.788481,1694892683.239183
54.93489694595337,0.05783728533405011,-0.04513333010945912,0.017139546642101728,0.9971579949432896,0.08421389758586884,-0.07356266677379608,16.25339126586914,-0.9971579909324646,0.01713954657316208,0.0451333299279213,0.05783728510141373,0.08421389758586884,0.07356266677379608,-16.25339126586914,748163953.58466,1694892684.035362
55.73109197616577,0.061108865048800726,-0.03558152925981067,0.00858274105089597,0.9974597725943809,0.1034994795918465,-0.09685467928647995,16.28439712524414,-0.9974597692489624,0.008582741022109985,0.03558152914047241,0.06110886484384537,0.1034994795918465,0.09685467928647995,-16.28439712524414,748163954.3808441,1694892684.831557
56.52725601196289,0.048321182703865664,-0.03959200443817134,0.011440523647461776,0.9979812878533041,0.09929575771093369,-0.1192614585161209,16.27159881591797,-0.9979813098907471,0.01144052390009165,0.03959200531244278,0.048321183770895,0.09929575771093369,0.1192614585161209,-16.27159881591797,748163955.177,1694892685.627721
57.32335901260376,0.06830626611032646,-0.053992676570033406,0.013473208766606737,0.9961111973732653,0.142351508140564,-0.08433745801448822,16.2558765411377,-0.9961112141609192,0.01347320899367332,0.05399267747998238,0.06830626726150513,0.142351508140564,0.08433745801448822,-16.2558765411377,748163955.9730949,1694892686.423824
58.1196448802948,0.05806435744521374,-0.05773432279612415,0.015254969971070202,0.996525245167893,0.1784347295761108,-0.06211838871240616,16.2551441192627,-0.996525228023529,0.0152549697086215,0.05773432180285454,0.05806435644626617,0.1784347295761108,0.06211838871240616,-16.2551441192627,748163956.769386,1694892687.22011
58.91564083099365,0.05384074244863716,-0.04985802707091959,0.01537333082984584,0.9971855455673087,0.1791127026081085,-0.0851222574710846,16.25890731811523,-0.9971855282783508,0.01537333056330681,0.04985802620649338,0.05384074151515961,0.1791127026081085,0.0851222574710846,-16.25890731811523,748163957.565372,1694892688.016106
59.711835861206055,0.054045926912183545,-0.03849956775222001,0.014218274538850113,0.9976946736032187,0.1254672110080719,-0.07678733021020889,16.24624633789062,-0.9976946711540222,0.0142182745039463,0.03849956765770912,0.05404592677950859,0.1254672110080719,0.07678733021020889,-16.24624633789062,748163958.3615589,1694892688.812301
60.50798487663269,0.060848512234216084,-0.031698651861206587,0.00951457403635601,0.9975981790831273,0.06645555049180984,-0.0396636426448822,16.2847957611084,-0.9975981712341309,0.009514573961496353,0.03169865161180496,0.06084851175546646,0.06645555049180984,0.0396636426448822,-16.2847957611084,748163959.157692,1694892689.60845
61.30416393280029,0.0628106811190995,-0.034702721628926764,0.012918402308966652,0.9973382848014427,0.01900532096624374,-0.006740802899003029,16.24616813659668,-0.9973382949829102,0.01291840244084597,0.03470272198319435,0.06281068176031113,0.01900532096624374,0.006740802899003029,-16.24616813659668,748163959.95387,1694892690.404629
62.10032796859741,0.052698722574430916,-0.03658360890892878,0.013121769415579148,0.997853848700112,0.01858659274876118,-0.03252252191305161,16.21902656555176,-0.9978538751602173,0.0131217697635293,0.03658360987901688,0.05269872397184372,0.01858659274876118,0.03252252191305161,-16.21902656555176,748163960.7500329,1694892691.200793
62.896461963653564,0.06315941400646478,-0.04294553796823262,0.010620347286515399,0.9970224558225822,-0.001191111980006099,-0.02846171706914902,16.28179931640625,-0.9970224499702454,0.01062034722417593,0.04294553771615028,0.06315941363573074,-0.001191111980006099,0.02846171706914902,-16.28179931640625,748163961.546165,1694892691.996927
63.692625999450684,0.061682395825881094,-0.03804256033623513,0.018971253244546363,0.9971901208889781,-0.03224121779203415,-0.007919641211628914,16.42507171630859,-0.9971901178359985,0.01897125318646431,0.03804256021976471,0.06168239563703537,-0.03224121779203415,0.007919641211628914,-16.42507171630859,748163962.342313,1694892692.793091
64.48881983757019,0.06260395208218307,-0.03354738737463939,0.019621743385030296,0.997281457348205,-0.05772897601127625,0.04051701352000237,16.74542045593262,-0.9972814321517944,0.01962174288928509,0.03354738652706146,0.06260395050048828,-0.05772897601127625,-0.04051701352000237,-16.74542045593262,748163963.1385081,1694892693.589285
65.28492403030396,0.06359706653961017,-0.031882888741133604,0.01132130500341678,0.9974019864558605,-0.0720430389046669,0.04519474133849144,17.31947898864746,-0.997402012348175,0.01132130529731512,0.03188288956880569,0.06359706819057465,-0.0720430389046669,-0.04519474133849144,-17.31947898864746,748163963.934607,1694892694.385389
66.08299493789673,0.05155533787072131,-0.04232913887752177,0.016197802066537186,0.9976411791556806,-0.04804162681102753,-0.008907952345907688,17.85673713684082,-0.9976412057876587,0.01619780249893665,0.04232914000749588,0.0515553392469883,-0.04804162681102753,0.008907952345907688,-17.85673713684082,748163964.7326691,1694892695.18346
66.8815848827362,0.05447989428778746,-0.04160666913958708,0.011321282220151876,0.9975834074253602,-0.03511293977499008,-0.08194343000650406,18.49543952941895,-0.9975833892822266,0.01132128201425076,0.04160666838288307,0.05447989329695702,-0.03511293977499008,0.08194343000650406,-18.49543952941895,748163965.53125,1694892695.98205
67.67855787277222,0.05047629711768619,-0.036158021096408574,0.011578064270013566,0.9980033513808649,-0.03263669088482857,-0.1009473204612732,19.1073055267334,-0.998003363609314,0.01157806441187859,0.03615802153944969,0.05047629773616791,-0.03263669088482857,0.1009473204612732,-19.1073055267334,748163966.3282211,1694892696.779023
68.47588205337524,0.06511536184885379,-0.04046725074608439,0.00965020052285555,0.9970101628861238,-0.0523081049323082,-0.06017570570111275,19.69708633422852,-0.9970101714134216,0.009650200605392456,0.04046725109219551,0.06511536240577698,-0.0523081049323082,0.06017570570111275,-19.69708633422852,748163967.125534,1694892697.576347
69.26571393013,0.055962941064478466,-0.03641827680965471,0.010982372508337165,0.9977079962773262,-0.04631742462515831,-0.07308018952608109,20.06623840332031,-0.9977080225944519,0.01098237279802561,0.03641827777028084,0.0559629425406456,-0.04631742462515831,0.07308018952608109,-20.06623840332031,748163967.9153619,1694892698.366179
70.06189298629761,0.06230070153225567,-0.037305951620227484,0.00497582375245077,0.997347547116993,-0.01857625134289265,-0.0528215616941452,20.26081848144531,-0.9973475337028503,0.004975823685526848,0.03730595111846924,0.06230070069432259,-0.01857625134289265,0.0528215616941452,-20.26081848144531,748163968.711534,1694892699.162358
70.85804200172424,0.06562720330349199,-0.04301539123222089,0.016715390839969285,0.9967764754511255,0.00106842874083668,-0.02613002248108387,20.2649040222168,-0.9967764616012573,0.01671539060771465,0.04301539063453674,0.06562720239162445,0.00106842874083668,0.02613002248108387,-20.2649040222168,748163969.507679,1694892699.958507
71.65422105789185,0.06089809532877355,-0.04057859254160573,0.012752968809454292,0.9972372644457361,0.001915660686790943,-0.01845218241214752,20.26205825805664,-0.9972372651100159,0.0127529688179493,0.04057859256863594,0.06089809536933899,0.001915660686790943,0.01845218241214752,-20.26205825805664,748163970.303849,1694892700.754686
72.45040082931519,0.06359622546052562,-0.03249781537161073,0.011166449493218409,0.9973839393678655,-0.03055383451282978,0.002792494371533394,20.25107574462891,-0.9973839521408081,0.01116644963622093,0.03249781578779221,0.0635962262749672,-0.03055383451282978,-0.002792494371533394,-20.25107574462891,748163971.100014,1694892701.550866
73.2465648651123,0.06409610796821606,-0.03527174883947358,0.015015547137841744,0.9972071630415031,-0.03150105103850365,-0.0007835396099835634,20.25493812561035,-0.9972071647644043,0.0150155471637845,0.03527174890041351,0.0640961080789566,-0.03150105103850365,0.0007835396099835634,-20.25493812561035,748163971.896174,1694892702.34703
74.04257583618164,0.07145611222606973,-0.02997092354709378,0.01263819825751022,0.9969132578675406,-0.04509167373180389,0.06415504217147827,20.24471664428711,-0.9969132542610168,0.01263819821178913,0.02997092343866825,0.07145611196756363,-0.04509167373180389,-0.06415504217147827,-20.24471664428711,748163972.6921861,1694892703.143041
74.84411096572876,0.061754843106739045,-0.029627705832125623,0.017223194729388457,0.9975028320577846,-0.081440769135952,0.06491746753454208,20.25287437438965,-0.9975028038024902,0.01722319424152374,0.02962770499289036,0.06175484135746956,-0.081440769135952,-0.06491746753454208,-20.25287437438965,748163973.4937079,1694892703.944576
75.63726997375488,0.05694091587094537,-0.02353637063119934,0.010636925500297625,0.9980433994437266,-0.08976957947015762,0.03832786530256271,20.27560234069824,-0.998043417930603,0.01063692569732666,0.02353637106716633,0.05694091692566872,-0.08976957947015762,-0.03832786530256271,-20.27560234069824,748163974.286861,1694892704.737735
76.43115997314453,0.05990198993604666,-0.02344657478353079,0.010557989579226575,0.9978730072452443,-0.05963215976953506,0.009271636605262756,20.2571907043457,-0.9978730082511902,0.01055798958986998,0.02344657480716705,0.05990198999643326,-0.05963215976953506,-0.009271636605262756,-20.2571907043457,748163975.080744,1694892705.531625
77.2273850440979,0.06536726739888384,-0.03347116007893544,0.012122784901294979,0.997226072604407,-0.02769795432686806,0.03278103098273277,20.23456001281738,-0.9972260594367981,0.01212278474122286,0.03347115963697433,0.06536726653575897,-0.02769795432686806,-0.03278103098273277,-20.23456001281738,748163975.876967,1694892706.32785
78.02362585067749,0.04634258196093352,-0.033034012042658704,0.012586341361834858,0.9982999064192498,-0.03662405908107758,-0.08115125447511673,20.22025871276855,-0.9982998967170715,0.01258634123951197,0.03303401172161102,0.04634258151054382,-0.03662405908107758,0.08115125447511673,-20.22025871276855,748163976.673197,1694892707.124091
78.81963682174683,0.057217552094195614,-0.026254279005003843,0.0045648211616182025,0.9980060255199054,-0.04827773571014404,-0.09103675186634064,20.2800350189209,-0.9980060458183289,0.004564821254462004,0.02625427953898907,0.0572175532579422,-0.04827773571014404,0.09103675186634064,-20.2800350189209,748163977.469209,1694892707.920102
79.61580085754395,0.07078154985869069,-0.016255130660000255,-0.004111396064995457,0.9973509108379179,-0.007270173635333776,-0.07860954850912094,19.91646003723145,-0.9973509311676025,-0.00411139614880085,0.01625513099133968,0.07078155130147934,-0.007270173635333776,0.07860954850912094,-19.91646003723145,748163978.265362,1694892708.716266
80.41198086738586,0.06420046208688536,-0.03230626567775406,0.013175850044160463,0.9973269287657898,0.02503043040633202,-0.01966217719018459,19.26537704467773,-0.9973269104957581,0.01317584980279207,0.03230626508593559,0.06420046091079712,0.02503043040633202,0.01966217719018459,-19.26537704467773,748163979.061538,1694892709.512446
81.2081139087677,0.05884112279172822,-0.03965985309096757,0.015566388709944326,0.9973577622217328,0.08567739278078079,-0.006453015375882387,18.59948348999023,-0.9973577857017517,0.01556638907641172,0.03965985402464867,0.05884112417697906,0.08567739278078079,0.006453015375882387,-18.59948348999023,748163979.857671,1694892710.308579
82.00429391860962,0.06994710930574997,-0.0356141071500462,0.014280474883440962,0.9968124724885709,0.09641871601343155,0.06788754463195801,18.03287124633789,-0.9968124628067017,0.01428047474473715,0.03561410680413246,0.06994710862636566,0.09641871601343155,-0.06788754463195801,-18.03287124633789,748163980.653841,1694892711.104759
82.80039691925049,0.06382651609138781,-0.029623044571533936,0.015380979472416352,0.9974026651981726,0.08653073757886887,0.05906322598457336,17.44601631164551,-0.9974026679992676,0.01538097951561213,0.02962304465472698,0.06382651627063751,0.08653073757886887,-0.05906322598457336,-17.44601631164551,748163981.449935,1694892711.900862
83.59788799285889,0.05526766436924773,-0.026135729074444183,0.013161102032167575,0.9980426816194857,0.07312946021556854,0.0171238724142313,16.83240127563477,-0.9980427026748657,0.01316110230982304,0.02613572962582111,0.05526766553521156,0.07312946021556854,-0.0171238724142313,-16.83240127563477,748163982.2474229,1694892712.698353
84.39650893211365,0.05186469401558766,-0.0285713165380787,0.024105596921001088,0.9979542342126881,0.06734497100114822,-0.01288886461406946,16.31682586669922,-0.997954249382019,0.02410559728741646,0.02857131697237492,0.05186469480395317,0.06734497100114822,0.01288886461406946,-16.31682586669922,748163983.046042,1694892713.496974
85.19477891921997,0.05779662741174032,-0.0317231529167075,0.0191011708654935,0.9976413868221481,0.05710108950734138,-0.02661149576306343,16.27957725524902,-0.997641384601593,0.01910117082297802,0.03172315284609795,0.05779662728309631,0.05710108950734138,0.02661149576306343,-16.27957725524902,748163983.8442931,1694892714.295244
85.99100399017334,0.05703861909144654,-0.02904091909602438,0.007953574738325258,0.9979178130482895,-0.01003777608275414,-0.02953881584107876,16.29617881774902,-0.9979178309440613,0.007953574880957603,0.02904091961681843,0.05703862011432648,-0.01003777608275414,0.02953881584107876,-16.29617881774902,748163984.640518,1694892715.091469
86.78112602233887,0.05558908252143394,-0.022063621830143675,0.006615712181155145,0.9981879997517991,0.0005167826311662793,-0.05813833326101303,16.25886154174805,-0.9981880187988281,0.006615712307393551,0.02206362225115299,0.05558908358216286,0.0005167826311662793,0.05813833326101303,-16.25886154174805,748163985.4306321,1694892715.881591
87.57735085487366,0.04866110421736581,-0.024025750726106975,0.009458173780514499,0.998481548746461,-0.01932463981211185,-0.07888628542423248,16.23538589477539,-0.9984815716743469,0.009458173997700214,0.02402575127780437,0.04866110533475876,-0.01932463981211185,0.07888628542423248,-16.23538589477539,748163986.2268579,1694892716.677816
88.37352991104126,0.0542997762801554,-0.02495375497222131,0.006112115544229042,0.9981941126115127,-0.0486532635986805,-0.06811651587486267,16.2474422454834,-0.9981940984725952,0.006112115457653999,0.02495375461876392,0.05429977551102638,-0.0486532635986805,0.06811651587486267,-16.2474422454834,748163987.02303,1694892717.473995
89.16970992088318,0.05529932560972074,-0.022218355439812296,0.013041211948083279,0.9981373933780788,-0.06051245704293251,-0.09356386959552765,16.26578712463379,-0.9981374144554138,0.01304121222347021,0.02221835590898991,0.05529932677745819,-0.06051245704293251,0.09356386959552765,-16.26578712463379,748163987.8192,1694892718.270175
89.9658579826355,0.05839874606774272,-0.01913826543838835,0.012794444362398804,0.9980278630615392,-0.0595768466591835,-0.0721520408987999,16.25596618652344,-0.9980278611183167,0.01279444433748722,0.01913826540112495,0.05839874595403671,-0.0595768466591835,0.0721520408987999,-16.25596618652344,748163988.6153381,1694892719.066323
90.76203799247742,0.05782289633236493,-0.02412816066225301,0.010985247468241768,0.9979747836798556,-0.03925185278058052,-0.07505432516336441,16.24203109741211,-0.9979748129844666,0.01098524779081345,0.02412816137075424,0.05782289803028107,-0.03925185278058052,0.07505432516336441,-16.24203109741211,748163989.4115219,1694892719.862503
91.55818700790405,0.051059844697674155,-0.028085965037613743,0.011855181042540746,0.9982301966529583,0.01608552411198616,-0.1177227720618248,16.22676086425781,-0.9982302188873291,0.01185518130660057,0.02808596566319466,0.05105984583497047,0.01608552411198616,0.1177227720618248,-16.22676086425781,748163990.2076571,1694892720.658652
92.35445785522461,0.06438675648652996,-0.023977136708060537,0.009692342210015316,0.9975898460825026,0.04166251793503761,-0.06867577135562897,16.29866600036621,-0.9975898265838623,0.009692342020571232,0.02397713623940945,0.0643867552280426,0.04166251793503761,0.06867577135562897,-16.29866600036621,748163991.0039289,1694892721.454923
93.15051484107971,0.0657027829580389,-0.02080094314926129,0.009279769179066451,0.9975792454535395,0.03886961564421654,-0.03181608021259308,16.2730770111084,-0.9975792169570923,0.009279768913984299,0.02080094255506992,0.06570278108119965,0.03886961564421654,0.03181608021259308,-16.2730770111084,748163991.799967,1694892722.25098
93.94664883613586,0.07799817671577874,-0.02492561207257192,0.006143358109682333,0.9966229264084577,0.04295768588781357,0.06267513334751129,15.82381534576416,-0.9966229200363159,0.006143358070403337,0.02492561191320419,0.07799817621707916,0.04295768588781357,-0.06267513334751129,-15.82381534576416,748163992.5960929,1694892723.047114
94.74360585212708,0.06994337530944232,-0.03727343647776522,0.014942686881738639,0.9967423595354091,0.06239850446581841,0.1098359152674675,15.24511241912842,-0.9967423677444458,0.01494268700480461,0.03727343678474426,0.0699433758854866,0.06239850446581841,-0.1098359152674675,-15.24511241912842,748163993.39305,1694892723.844071
95.54112792015076,0.07004999543413064,-0.030425774689419094,0.016105993119663747,0.9969492802343839,0.1052374467253685,0.125139132142067,14.65259838104248,-0.9969492554664612,0.01610599271953106,0.03042577393352985,0.07004999369382858,0.1052374467253685,-0.125139132142067,-14.65259838104248,748163994.1905661,1694892724.641593
96.33829998970032,0.07238212841853416,-0.020229510596768877,0.016192838256491492,0.9970403133152727,0.0684104934334755,0.1495115906000137,14.06528949737549,-0.997040331363678,0.01619283854961395,0.0202295109629631,0.0723821297287941,0.0684104934334755,-0.1495115906000137,-14.06528949737549,748163994.9877329,1694892725.438765
97.13128995895386,0.061301483028739646,-0.018311231827996297,0.011150849678360048,0.997889014629818,0.01729829795658588,0.1360741704702377,13.46082592010498,-0.9978890419006348,0.01115084998309612,0.01831123232841492,0.06130148470401764,0.01729829795658588,-0.1360741704702377,-13.46082592010498,748163995.7807109,1694892726.231755
97.92740797996521,0.06216213971722431,-0.013804299091057548,0.012497551048256382,0.9978923393483774,-0.003031965577974916,0.0947171300649643,12.8442850112915,-0.9978923201560974,0.01249755080789328,0.013804298825562,0.0621621385216713,-0.003031965577974916,-0.0947171300649643,-12.8442850112915,748163996.5768249,1694892727.027873
98.72357201576233,0.05665845114552812,-0.02293902474875027,0.024490306426834283,0.9978295675858107,-0.02115094289183617,0.07651297003030777,12.30523109436035,-0.9978295564651489,0.02449030615389347,0.02293902449309826,0.05665845051407814,-0.02115094289183617,-0.07651297003030777,-12.30523109436035,748163997.372982,1694892727.824037
99.51975202560425,0.0595298463081966,-0.022603812317639152,0.01270282769110509,0.9978897249876268,-0.005067109595984221,0.03850442171096802,12.222336769104,-0.9978896975517273,0.01270282734185457,0.02260381169617176,0.05952984467148781,-0.005067109595984221,-0.03850442171096802,-12.222336769104,748163998.169162,1694892728.620217
100.31591582298279,0.06145989792048648,-0.01797546043722623,0.0013794265456696844,0.9979467225017967,-0.007196492981165648,0.0100499065592885,12.27658653259277,-0.9979467391967773,0.001379426568746567,0.01797546073794365,0.06145989894866943,-0.007196492981165648,-0.0100499065592885,-12.27658653259277,748163998.965317,1694892729.416381
101.11207985877991,0.06945244311748977,-0.011793665738810797,0.006953297271890206,0.997491312869692,-0.07023110240697861,0.05552757903933525,12.27969264984131,-0.9974913001060486,0.006953297182917595,0.01179366558790207,0.0694524422287941,-0.07023110240697861,-0.05552757903933525,-12.27969264984131,748163999.7614801,1694892730.212545
101.90824389457703,0.06776685891837621,-0.018418533398909566,0.011965288567149094,0.9974593938247687,-0.06858732551336288,0.05744672566652298,12.23780632019043,-0.9974594116210938,0.01196528878062963,0.01841853372752666,0.06776686012744904,-0.06858732551336288,-0.05744672566652298,-12.23780632019043,748164000.5576351,1694892731.008709
102.70449995994568,0.06896637175193063,-0.01450343107549284,0.010344138061593384,0.9974599184238812,-0.06338012963533401,0.07132735848426819,12.25106811523438,-0.9974599480628967,0.0103441383689642,0.01450343150645494,0.06896637380123138,-0.06338012963533401,-0.07132735848426819,-12.25106811523438,748164001.3538871,1694892731.804965
103.50095391273499,0.07416389180791517,-0.015043705789629122,0.011464503660654306,0.9970666824359512,-0.05638271942734718,0.0759197250008583,12.26493072509766,-0.9970666766166687,0.01146450359374285,0.015043705701828,0.07416389137506485,-0.05638271942734718,-0.0759197250008583,-12.26493072509766,748164002.150326,1694892732.601419
104.29958987236023,0.06478320996985341,-0.012158963254123875,0.01406771823993642,0.9977261120277992,-0.04278150945901871,0.0599183514714241,12.25092029571533,-0.9977260828018188,0.01406771782785654,0.01215896289795637,0.06478320807218552,-0.04278150945901871,-0.0599183514714241,-12.25092029571533,748164002.9489601,1694892733.400055
105.09799695014954,0.07128644815343592,-0.02253840702961953,0.009902935587248751,0.9971520417594247,0.0003608928236644715,0.07228519767522812,12.23825263977051,-0.9971520304679871,0.009902935475111008,0.02253840677440166,0.07128644734621048,0.0003608928236644715,-0.07228519767522812,-12.23825263977051,748164003.7473531,1694892734.198462
105.89458799362183,0.0686593936601205,-0.022869167409968406,0.011490856076506295,0.9973118113563221,0.05300047993659973,0.07037898153066635,12.24015617370605,-0.9973118305206299,0.01149085629731417,0.0228691678494215,0.06865939497947693,0.05300047993659973,-0.07037898153066635,-12.24015617370605,748164004.5439439,1694892734.995053
106.68516802787781,0.0790580975590939,-0.029008877173086707,0.010927638280370999,0.996387920930953,0.07987046986818314,0.1640228480100632,12.26763534545898,-0.9963878989219666,0.01092763803899288,0.02900887653231621,0.07905809581279755,0.07987046986818314,-0.1640228480100632,-12.26763534545898,748164005.334516,1694892735.785633
107.48128604888916,0.07669699414589291,-0.03186095225870786,0.012847924046481676,0.9964624336410525,0.1366924494504929,0.1452461034059525,12.26162528991699,-0.9964624047279358,0.01284792367368937,0.03186095133423805,0.07669699192047119,0.1366924494504929,-0.1452461034059525,-12.26162528991699,748164006.1306281,1694892736.581751
108.2774498462677,0.09178925980667123,-0.038159966177814024,-0.0002914362099149321,0.9950469656405103,0.1828715354204178,0.1868237406015396,11.86142730712891,-0.9950469732284546,-0.0002914362121373415,0.03815996646881104,0.09178926050662994,0.1828715354204178,-0.1868237406015396,-11.86142730712891,748164006.926794,1694892737.377915
109.07355284690857,0.07950694083853417,-0.03770418078326508,0.011209526056804123,0.9960579238355282,0.2102252095937729,0.1455366313457489,11.29965019226074,-0.99605792760849,0.01120952609926462,0.03770418092608452,0.07950694113969803,0.2102252095937729,-0.1455366313457489,-11.29965019226074,748164007.7228911,1694892738.174018
109.86979293823242,0.07575998369286924,-0.029674559494767886,0.015978919160775193,0.996556330335672,0.166874885559082,0.1049498245120049,10.67317771911621,-0.9965563416481018,0.01597891934216022,0.02967455983161926,0.07575998455286026,0.166874885559082,-0.1049498245120049,-10.67317771911621,748164008.519115,1694892738.970258
110.66600298881531,0.0678385716793911,-0.023508489032713156,0.016461789538527,0.9972834545008196,0.1303902268409729,0.03871686384081841,10.04117584228516,-0.9972834587097168,0.01646178960800171,0.02350848913192749,0.06783857196569443,0.1303902268409729,-0.03871686384081841,-10.04117584228516,748164009.3153241,1694892739.766468
111.46216797828674,0.06817677479674213,-0.017233863125618958,0.012937410473862078,0.997440496846961,0.07038114219903946,0.01478155050426722,9.48073959350586,-0.9974405169487,0.01293741073459387,0.01723386347293854,0.06817677617073059,0.07038114219903946,-0.01478155050426722,-9.48073959350586,748164010.111481,1694892740.562633
112.25827097892761,0.06753314895081448,-0.02314106141959258,0.01023728752313978,0.9973960913365012,0.0502035841345787,-0.01753735914826393,8.867185592651367,-0.9973961114883423,0.01023728772997856,0.02314106188714504,0.06753315031528473,0.0502035841345787,0.01753735914826393,-8.867185592651367,748164010.907579,1694892741.358736
113.05435800552368,0.07041095763627261,-0.02162438389932477,0.021560791332898215,0.997050558067552,0.001456234371289611,-0.01521658897399902,8.335172653198242,-0.9970505833625793,0.02156079187989235,0.02162438444793224,0.07041095942258835,0.001456234371289611,0.01521658897399902,-8.335172653198242,748164011.703666,1694892742.154823
113.85085797309875,0.07522586788327122,-0.014008491402884665,0.015383168236592382,0.9969494415991358,-0.02932222187519073,-0.005016930866986513,8.25509262084961,-0.9969494342803955,0.01538316812366247,0.01400849130004644,0.07522586733102798,-0.02932222187519073,0.005016930866986513,-8.25509262084961,748164012.50016,1694892742.951323
114.64717483520508,0.07225847166201764,-0.012082197572896964,0.0074886939610669225,0.9972846400289319,-0.0558987557888031,-0.01753807440400124,8.248913764953613,-0.9972846508026123,0.007488694041967392,0.01208219770342112,0.07225847244262695,-0.0558987557888031,0.01753807440400124,-8.248913764953613,748164013.296463,1694892743.74764
115.44524598121643,0.07243852347706602,-0.020144455219334063,0.0032481260268238062,0.997164134391973,-0.08552557229995728,-0.04329803958535194,8.225381851196289,-0.9971641302108765,0.003248126013204455,0.02014445513486862,0.07243852317333221,-0.08552557229995728,0.04329803958535194,-8.225381851196289,748164014.0945301,1694892744.545711
116.24177694320679,0.07337684314350178,-0.011650860516075659,0.011910355860962087,0.9971651015568054,-0.1295721232891083,-0.02732936479151249,8.251399040222168,-0.9971650838851929,0.01191035564988852,0.01165086030960083,0.0733768418431282,-0.1295721232891083,0.02732936479151249,-8.251399040222168,748164014.8910451,1694892745.342242
117.03525495529175,0.07670267791240772,-0.010844537226493697,0.01363249889463512,0.9969018257518122,-0.1577800810337067,0.009631402790546417,8.25727367401123,-0.99690181016922,0.01363249868154526,0.01084453705698252,0.07670267671346664,-0.1577800810337067,-0.009631402790546417,-8.25727367401123,748164015.6845281,1694892746.13572
117.83131289482117,0.07220782464266162,-0.01243604461717438,0.016108852158013463,0.9971819692196633,-0.1526511460542679,0.005511028692126274,8.237886428833008,-0.9971819519996643,0.01610885187983513,0.01243604440242052,0.07220782339572906,-0.1526511460542679,-0.005511028692126274,-8.237886428833008,748164016.4805789,1694892746.931778
118.62753796577454,0.07682598375430169,-0.011685899448475501,0.008571847334362705,0.9969391813985147,-0.1489561349153519,0.03912186995148659,8.263606071472168,-0.9969391822814941,0.008571847341954708,0.01168589945882559,0.07682598382234573,-0.1489561349153519,-0.03912186995148659,-8.263606071472168,748164017.276799,1694892747.728003
119.42371702194214,0.07602313083699379,-0.013356856866150601,0.01277803896058206,0.9969347018098629,-0.1146672293543816,0.03399612009525299,8.233975410461426,-0.996934711933136,0.01277803909033537,0.01335685700178146,0.07602313160896301,-0.1146672293543816,-0.03399612009525299,-8.233975410461426,748164018.0729611,1694892748.524182
120.21985101699829,0.07207721656938827,-0.011466969099161948,0.011799077806478485,0.9972633379575352,-0.1434208601713181,0.03427387773990631,8.258264541625977,-0.9972633123397827,0.01179907750338316,0.01146696880459785,0.07207721471786499,-0.1434208601713181,-0.03427387773990631,-8.258264541625977,748164018.869102,1694892749.320316
121.01607584953308,0.08429817913521886,-0.0092320265885406,0.011357871893928898,0.9963330695232373,-0.1195448487997055,0.05273113772273064,8.277663230895996,-0.9963330626487732,0.01135787181556225,0.009232026524841785,0.08429817855358124,-0.1195448487997055,-0.05273113772273064,-8.277663230895996,748164019.6653161,1694892750.116541
121.81220889091492,0.07527611343229894,-0.01547960365597817,0.01343064651109289,0.996952108353995,-0.07022629678249359,0.05343811959028244,8.2294282913208,-0.9969521164894104,0.01343064662069082,0.01547960378229618,0.07527611404657364,-0.07022629678249359,-0.05343811959028244,-8.2294282913208,748164020.461442,1694892750.912674
122.60837388038635,0.08381127550838838,-0.017758756843656735,0.00045505925580889854,0.9963232856729279,-0.01318746246397495,0.03676787763834,7.872389316558838,-0.99632328748703,0.0004550592566374689,0.01775875687599182,0.08381127566099167,-0.01318746246397495,-0.03676787763834,-7.872389316558838,748164021.257602,1694892751.708839
123.40447688102722,0.06935568240802314,-0.018445177234969596,0.014258885003561478,0.9973195320221816,0.03578338027000427,-0.01441305875778198,7.264358520507812,-0.9973195195198059,0.01425888482481241,0.01844517700374126,0.06935568153858185,0.03578338027000427,0.01441305875778198,-7.264358520507812,748164022.0537009,1694892752.504942
124.20256304740906,0.06909524482408097,-0.02129763872118166,0.014565579241194096,0.9972763416571011,0.0712435245513916,-0.03826922923326492,6.686986923217773,-0.9972763657569885,0.01456557959318161,0.02129763923585415,0.06909524649381638,0.0712435245513916,0.03826922923326492,-6.686986923217773,748164022.851769,1694892753.303028
125.00136685371399,0.06664880430290536,-0.023859389359555137,0.014474107094049896,0.9973861672633184,0.1314398199319839,-0.04315431416034698,6.087295532226562,-0.9973861575126648,0.01447410695254803,0.02385938912630081,0.06664880365133286,0.1314398199319839,0.04315431416034698,-6.087295532226562,748164023.650579,1694892754.101832
125.79837083816528,0.06461238058424673,-0.026097146561546648,0.011416298235505662,0.9975038081888108,0.185073658823967,-0.09229661524295807,5.497777462005615,-0.9975038170814514,0.01141629833728075,0.02609714679419994,0.06461238116025925,0.185073658823967,0.09229661524295807,-5.497777462005615,748164024.447572,1694892754.898836
126.59537386894226,0.06383201610410012,-0.024970766667414337,0.01133850705707277,0.9975837673047031,0.20156030356884,-0.1244741082191467,4.905019760131836,-0.9975837469100952,0.01133850682526827,0.02497076615691185,0.06383201479911804,0.20156030356884,0.1244741082191467,-4.905019760131836,748164025.244575,1694892755.695839
127.3852059841156,0.060004860203942745,-0.027295002732544055,0.02139526607075378,0.9975954301055601,0.1926832944154739,-0.1629077196121216,4.361825466156006,-0.9975954294204712,0.02139526605606079,0.02729500271379948,0.06000486016273499,0.1926832944154739,0.1629077196121216,-4.361825466156006,748164026.0343909,1694892756.485671
128.18137001991272,0.07191953956635672,-0.020010743703554122,0.013820717396728783,0.9971139040930247,0.1800554394721985,-0.08797644823789597,4.25690746307373,-0.9971138834953308,0.0138207171112299,0.02001074329018593,0.07191953808069229,0.1800554394721985,0.08797644823789597,-4.25690746307373,748164026.8305571,1694892757.281835
128.97756385803223,0.07744840619573584,-0.022269433614523913,0.010265592601025431,0.9966947548335843,0.1868469715118408,-0.06123530864715576,4.24664306640625,-0.9966947436332703,0.01026559248566628,0.02226943336427212,0.07744840532541275,0.1868469715118408,0.06123530864715576,-4.24664306640625,748164027.626744,1694892758.078029
129.77375888824463,0.07392335015583468,-0.017325684609934642,0.009950105205231333,0.9970637664467301,0.1540237814188004,-0.008738911710679531,4.243453502655029,-0.9970637559890747,0.009950105100870132,0.01732568442821503,0.07392334938049316,0.1540237814188004,0.008738911710679531,-4.243453502655029,748164028.42293,1694892758.874224
130.56993794441223,0.07423494717160087,-0.018214598202229426,0.011016122938841367,0.9970135636319886,0.105906255543232,0.06186320632696152,4.226615428924561,-0.9970135688781738,0.0110161229968071,0.01821459829807281,0.07423494756221771,0.105906255543232,-0.06186320632696152,-4.226615428924561,748164029.2190969,1694892759.670403
131.36608695983887,0.0769197784781968,-0.014333652201371406,0.011378043227175493,0.9968693165233625,0.06014393270015717,0.08158302307128906,4.231662750244141,-0.9968693256378174,0.01137804333120584,0.01433365233242512,0.07691977918148041,0.06014393270015717,-0.08158302307128906,-4.231662750244141,748164030.015243,1694892760.466552
132.162250995636,0.07758546583092112,-0.011845341826323422,0.012916793984302429,0.9968316506822924,-0.009998822584748268,0.1140098124742508,4.236652374267578,-0.9968316555023193,0.01291679404675961,0.01184534188359976,0.07758546620607376,-0.009998822584748268,-0.1140098124742508,-4.236652374267578,748164030.8114071,1694892761.262716
132.95846104621887,0.07951130005362185,-0.010272537400000146,0.010717139623063929,0.9967234175323906,-0.06892842054367065,0.1463157683610916,4.240617752075195,-0.9967234134674072,0.01071713957935572,0.01027253735810518,0.07951129972934723,-0.06892842054367065,-0.1463157683610916,-4.240617752075195,748164031.6076059,1694892762.058926
133.7547469139099,0.07382955295468774,-0.008058893377875137,0.01140818728415581,0.9971730565006881,-0.1071861088275909,0.1480846852064133,4.244235992431641,-0.9971730709075928,0.01140818744897842,0.008058893494307995,0.07382955402135849,-0.1071861088275909,-0.1480846852064133,-4.244235992431641,748164032.403892,1694892762.855212
134.5506980419159,0.0837235240434701,-0.0010334009002001667,0.012337034762808825,0.9964121141262702,-0.1799505949020386,0.1907330304384232,4.243475437164307,-0.9964120984077454,0.01233703456819057,0.001033400883898139,0.0837235227227211,-0.1799505949020386,-0.1907330304384232,-4.243475437164307,748164033.199831,1694892763.651163
135.34840297698975,0.08325767467752565,-0.006449389233219986,0.012059786285521044,0.9964342058262338,-0.1712228357791901,0.147326722741127,4.246800422668457,-0.996434211730957,0.01205978635698557,0.006449389271438122,0.08325767517089844,-0.1712228357791901,-0.147326722741127,-4.246800422668457,748164033.9975209,1694892764.448868
135.94620084762573,0.08043740786963854,-0.010785487610805238,0.013683429153226215,0.9966073752681239,-0.2131225615739822,0.1721322685480118,4.247856140136719,-0.9966073632240295,0.01368342898786068,0.0107854874804616,0.08043740689754486,-0.2131225615739822,-0.1721322685480118,-4.247856140136719,748164034.595325,1694892765.046666
135.98520302772522,0.08144554267734098,-0.009653705833224172,0.013725300866456673,0.9965365249993621,-0.2363533824682236,0.1942681223154068,4.247331142425537,-0.9965365529060364,0.01372530125081539,0.009653706103563309,0.08144554495811462,-0.2363533824682236,-0.1942681223154068,-4.247331142425537,748164034.6343191,1694892765.085668
136.01239490509033,0.08190227975054859,-0.00837503739000939,0.01344415068323052,0.9965144906787786,-0.2309009432792664,0.1906555742025375,4.247889518737793,-0.9965144991874695,0.01344415079802275,0.008375037461519241,0.08190228044986725,-0.2309009432792664,-0.1906555742025375,-4.247889518737793,748164034.6615119,1694892765.11286
136.05162501335144,0.0816775039976855,-0.00727632642806514,0.013063677604824004,0.9965466274800481,-0.227197602391243,0.187179759144783,4.247690200805664,-0.9965466260910034,0.01306367758661509,0.007276326417922974,0.08167750388383865,-0.227197602391243,-0.187179759144783,-4.247690200805664,748164034.700748,1694892765.15209
136.0788779258728,0.08164658297256616,-0.005846561792281722,0.012599253872417449,0.9965645548613352,-0.221041738986969,0.1824317127466202,4.247535705566406,-0.9965645670890808,0.01259925402700901,0.00584656186401844,0.08164658397436142,-0.221041738986969,-0.1824317127466202,-4.247535705566406,748164034.7279911,1694892765.179343
136.11765098571777,0.08115813815709864,-0.0049891396954644075,0.012066977001271555,0.9966156998372157,-0.2162310779094696,0.1796409040689468,4.246077537536621,-0.9966157078742981,0.01206697709858418,0.0049891397356987,0.08115813881158829,-0.2162310779094696,-0.1796409040689468,-4.246077537536621,748164034.7667661,1694892765.218116
136.1450710296631,0.08074376107297772,-0.004434701586991862,0.011326873843670303,0.9966606646188831,-0.2104595303535461,0.1739704608917236,4.24555778503418,-0.9966606497764587,0.01132687367498875,0.004434701520949602,0.08074375987052917,-0.2104595303535461,-0.1739704608917236,-4.24555778503418,748164034.7941921,1694892765.245536
136.93909883499146,0.08055675809991471,-0.009903312704001046,-0.002123268097598074,0.9966985626830734,-0.189570888876915,0.1097443848848343,3.892433404922485,-0.9966985583305359,-0.002123268088325858,0.009903312660753727,0.08055675774812698,-0.189570888876915,-0.1097443848848343,-3.892433404922485,748164035.5882089,1694892766.039564
137.7353389263153,0.05619179820808206,-0.014175962633660753,0.013028673806440096,0.9982343299828937,-0.09501064568758011,-0.06412755697965622,3.280313014984131,-0.9982343316078186,0.01302867382764816,0.01417596265673637,0.05619179829955101,-0.09501064568758011,0.06412755697965622,-3.280313014984131,748164036.38445,1694892766.835804
