time_s,height_m
0.000000000,0.000000000
2.000000000,0.000000000
2.729000727,0.546750546
7.666666667,4.250000000
18.507415485,4.250000000
23.840748818,8.250000000
34.548332313,8.250000000
39.881665647,12.250000000
50.576391708,12.250000000
55.909725041,16.250000000
66.637038082,16.250000000
71.970371416,20.250000000
81.761527666,20.250000000
87.094860999,16.250000000
96.149920912,16.250000000
101.483254245,12.250000000
110.465255721,12.250000000
115.798589055,8.250000000
124.846974528,8.250000000
130.180307861,4.250000000
139.171423674,4.250000000
140.464339654,3.280313015
148.665122191,0.000000000
151.665122191,0.000000000
